/*
 Navicat Premium Data Transfer

 Source Server         : localhost
 Source Server Type    : MySQL
 Source Server Version : 100406
 Source Host           : localhost:3306
 Source Schema         : bukusurat

 Target Server Type    : MySQL
 Target Server Version : 100406
 File Encoding         : 65001

 Date: 11/07/2021 09:21:51
*/

SET NAMES utf8mb4;
SET FOREIGN_KEY_CHECKS = 0;

-- ----------------------------
-- Table structure for datasurat
-- ----------------------------
DROP TABLE IF EXISTS `datasurat`;
CREATE TABLE `datasurat`  (
  `NoAgenda` varchar(25) CHARACTER SET latin1 COLLATE latin1_swedish_ci NOT NULL,
  `KodeKlasifikasiSurat` int(255) NOT NULL,
  `AsalSurat` varchar(255) CHARACTER SET latin1 COLLATE latin1_swedish_ci NOT NULL,
  `TanggalSurat` date NOT NULL,
  `TglPelaksanaanSurat` date NULL DEFAULT NULL,
  `NomorSurat` varchar(255) CHARACTER SET latin1 COLLATE latin1_swedish_ci NOT NULL,
  `IsiSurat` varchar(255) CHARACTER SET latin1 COLLATE latin1_swedish_ci NOT NULL,
  `LinkFile` varchar(255) CHARACTER SET latin1 COLLATE latin1_swedish_ci NOT NULL,
  `CreatedOn` datetime(6) NOT NULL,
  `base64File` text CHARACTER SET latin1 COLLATE latin1_swedish_ci NOT NULL,
  `JenisSurat` varchar(255) CHARACTER SET latin1 COLLATE latin1_swedish_ci NOT NULL,
  PRIMARY KEY (`NoAgenda`) USING BTREE
) ENGINE = InnoDB CHARACTER SET = latin1 COLLATE = latin1_swedish_ci ROW_FORMAT = Dynamic;

-- ----------------------------
-- Records of datasurat
-- ----------------------------
INSERT INTO `datasurat` VALUES ('K-20210700001', 3, 'Mbak e kae', '2021-07-07', NULL, 'HX-00xxx', 'MENERIMA AJAKAN NIKAH', 'https://localhost/bukuSurat/localData/k-20210700001.pdf', '2021-07-07 09:33:23.000000', 'data:application/pdf;base64,JVBERi0xLjcKCjQgMCBvYmoKKElkZW50aXR5KQplbmRvYmoKNSAwIG9iagooQWRvYmUpCmVuZG9iago4IDAgb2JqCjw8Ci9GaWx0ZXIgL0ZsYXRlRGVjb2RlCi9MZW5ndGggMjU5MzQKL0xlbmd0aDEgOTYwNDAKL1R5cGUgL1N0cmVhbQo+PgpzdHJlYW0KeJzsvQt8FcX5P/zM7p77JefkHgLkhEC4h7PXc46AHCAJIArhfo0kkABBIIEkKKhI6wVFLdT7rYVWsdrWGvAWwFZqra22/UnVVq1V8FLRVgq1iFdy3md35+RMtNrpn/7e/+f9vJlknzM7OzM7l+/OPPPd2RkgAJCLQoJk5awpk7L/+Z1Hgcw8ATAwfu7sWZNXRSc8A+BGT8Jd02eNUta+tekqAPJrdJg7e9aUuXV1J+cBPNYAcOd1cyvPmz93fMseAO9dAOGblq2pb5n/8vdGAqzpi2HuWLahLXJFyzkDADZfjTfcv7xlxZoZr4VCAGs78fypFfWtLVAMHoxvNsYfWrF64/Kz+jTcAnB5JUDfCSsb1lyU3Vidj/YoQM37KxvrG36XyKvCuM9F/8ZKdAg2Oj7G8yvwfODKNW0XXX21LxfTHgFwvH5B4/q1XfdDf4B7Hsfrm1c3L6sf+6nxDsBOTI9DWVN/UYtrom8thr8Pr0fW1q9pfPCz2X0Ado/B/JxqaW5tSw0DTM9jmnm9ZX1jS8Mt+9HaegmAz2+VpbB8eXLhM41LssZ8CCVmuQHcXdL5U/P3F6d/+FjX0dPXuVLuw+jXBwLYBsO5LumahuV8QdfRrqOulBUTa+aZLsJtIINonQsQglGQxFKbh/e14hDLhMfxqttxh0PF8xvtX8EHy4Vst0PwuZyCIIiChG5b7Rq1zezzJkbA/HvA8ULXDBJwbSAPYnHtPPySFe0LMIL+WodpxH6wGDgM+q8TRoGOvxvJC6ku8V6YhMeVeAyz4rkXSvCYisdkel6Fh/51cUqPW8cmPGrw2CjVwcWmu6MYZtB7tmIc/fDapZIA33BcCBeadrx+DvrdROO4GO1j8fpAtF/UHXfdl8r9aw2Gr4L/AyNcD83Qa3pNr+k1/9eNcBtBw7R8xDZgH9Qxj2SRLAjgLyHDSU4WkGAQr/mZiHq2nYOh1/SaMzUiiBYYHaJIBARjoeN930H42J1CBcabOo26oim94EPpAz9KPwRQBiwZhCDKLAilPkd9yZRhCKc+g2zIRnsO5KDMRfkZ5EEuynzIQ1mA8lMohAKURVCIsg8UoSy2ZF/ok/oE+kEx2vuj/BhKoB+6RKA/ylKIoMsAS5ZBaeojGAgD0D4I5UdQDmUoB8NAlENgEMqhMDh1CrWhIWgfDsPQPgKGo30kylNQASNSH6KeNxLtUZQnUf+rQBcFRqFUIYpSAwXddVBRGqChjKH8J8RBR5kAA+VZEEP30Sg/gDEQR5excBbaz7bkOBiNMgljUv+A8TAW7RNQ/gMmwtkoK2EcyioYnzoB1TAB5SSoRDkZJqKcAtWp43AOTEI5FSajy7koj8N5MCX1d5gG56B9uuVSA+eiyww4D+VMmJY6BrMsORumo5wDNSjnwgyU81C+D/NhJsoFMAvlQpid+hssgjloXwzzUNZa9vNhProvgbmpv0IdLEB7PSxG+1KoRbkMlqBsQPt70Ah1KJfD+ShXwFKUK1G+C02wDOUqaEB5geW+GpanjsIaWIEua2ElymaUR6EFmlCuQ/s7sN6yt8JqtLfBKpTtcAHKDejyNlwILam/oFa5FuVGaEa5Cdaj+8Uo/wKXQCvaL4UNKDfDham34DLLvgXtb8M3YBO6fBMuRnk5XJJ6E66w5JXo8iZcZcmtlsvVcGnqDbgGLkO5DbagvNaS18E3UF4P30T5Lbg8dQS2W3IHXJE6DN9GeQRugKtQ3gjb0OUmuBrlzXANylvg2tTrcCtch1dvg+tR3g7fQvc7YDvKO2EHyrvg2yi/g/J1+C7ciPadKF+HXXBT6jX4HsrX4ftwM8q74VaU96B8DXbD7SjvteQP4A6U96H8M9wPd6H8IXwH5Y8s+WP4LsoHUL4KP4HvoXwQ5Z+gA76P9j2W3Au70eUhuBflw/ADlI/AfSgfteRjcH/qFeiEH6LcBz9GuR8eSL0MByz5OPwE5U8t+TN4EOUT0JF6CQ7CHrT/HPai/Ul4COUv4GGUT8EjqT/CL+FRlE9b8lfwGMpfW/IZ6Ez9AZ6FAyh/Y8nfwuMofwc/Q/k/8ATK5+Bg6kU4BD9H+XuUL8Dz8CTaX4BfoHwRnkKXP8DTKPEOqefhJfgV2l9G+Ty8Ar9G+Sd4BuWr8Gzq9/Bn+A3K1+C3KF+H36E8bMkj8BzKNyz5JhxKHYK34Pep5+BtlIfgL/A82t+BF1AehT+gfBdeSv0PvAcvo/2v8Ara/wZ/Qvk+vIrymCX/Dn9O/Q6OW/IEvI7yH3AY5QdwBOU/4Y3Ub+GkJT+EN1O/gVPwFto/grdRfozyN/AJvIPyUziK8jNLfg7vpZ6F05bsgr+iSwrls/9Bm571/5k2/RTTpp/ibNNldPn/U5s+y2rT5zJtumn/Ypv+N2zTF6FcZrXs6Tb9fHRJt+l1VptuyiaoR7nKat8zbfp72KY3olyLdrNNN2WL1cr3bNNXoYvZph9l2vR3sE1fi/IiS6bb9Ba0m236O91tehu6b4Z2lGab/pfuNv0itH8TNqK83Grfr7DklVYrf5UlM236W1ab/pbVpr/JtOlvWm36m1ab/obVpr9ptelvWG36G91t+tVov8mSZpt+xGrTj/yX2vTXetv03ja9t03/j/X0/3fa9PG0TT/+H7Xpk6w2ffJXtOnn0jb979imn2e16dOsNn06bdOPYZteY7XpM2ib/n53mz4HW+feNr23Te9t0/+zNv3Qf7VN/+1/uU0HbEdBuMvjFEAQQOpmagQ0kiSBfVBHh2nAAYLkcDjxz3JAZ4bhcfTgeyToNb3mDI3X9UVsioJgAdE6qKMTjQOcICAuXZYVMdqLzV7zv2p8bhFEkcGSiOZL2HShcYILRESm27IiRtGZicjZI9pebPaaMzZ+G5uZVo8Dm26X5dCLzV7zv2oCni9iUxJF7MHBPqijy+1GQLpBQmR6LKvb6e6JTVePaHux2WvO2AS9PNj0uD0ISA+IiE2v22Ni0+VmJ+L1YrPX/NdNls/CZqZHNrFpdtj2QR09aNzgBQlbTZ/H60awuj09senuEa0Dek2vOUMT8llUUQabEpp/iU1PBpsedDCx6WEi6sVmr/kvm3DAwmamR5YckoTaJdgHdfSi8YAPJLfXE/D6EKYej7cnNj09onVCr+k1Z2iyubDpQ+O1sOnzBHx+tHo9PoQsE1EvNnvNf9nk/Ctsmh24fVBHG5t+kDw+L8Wm9wvY9PaIthebveaMTW7QojEz2qL5NvLL2PT7/T4IIDb93qA/4AO/z+tHZyaiXmz2mv+yycv6IjadDgdql2Af1NFPsenw+n1ZNjZ9X8Cmr0e0Lug1veYMTb6NzYy2+C+xGUDjhyBiM+DLCgT9EPD7Aj2/EOvFZq/5L5uCEA82g2gCkIXYDPpDwawABAP+IEKWicjfI9pebPaaMzaFX8Kmy+HAkQ/YB3XsxqaPE5tu6DW95gxNcbb1ajLTIztdTidql2Af1DGEJgvC4ERkZofCWRDKCoYAwZoxwR7ReqDX9JozNP1yrdc/GWy63C4XapdgH9QxjCYEOeAKhLNywzkhCIeywghZJqKsHtH2YrPXnLGJ5FvYzPTILo/LlZWVBfZBHXPQZEMuuLJyQvk5udmQkx3KAchmIgr1iNYLvabXnKEpLbBe/2Q0R7fH7f4SNnPRZEMeuLHVLMjNQ5hmh3N7YjPcI1of9Jpec4ZmUJGFzYy26Pa63diDg31Qx3w0uVAI7nB+TlF+YS7k5+bkI2SZiHJ6ROuHXtNrztAM629RRZke2evzerEHB/ugjkVoCqAYvDlFef2LigugqCCvCKCAiSivR7QB6DW95gxNRYmFzUzv7A14vXl5eWAf1LEYTRH0A29ecUFJcb8iKC4qKEbIMhEV9Ig2C3pNrzlDowywaMxMj+wL+nwFBQVgH9SxP5piiICvoH/RgP6RYuhfXNQfIctEVNQj2hD0ml5zhsYYZNGYmR7Zn+X3Yw8O9kEdI2j6wwDwF0WKB0UG9IdI/+IImCtEd5viHtGGodf0mjM0Zw2xaMxMjxwIBQJ9+vQB+6COA9BEYBAE+gzoN2TAoAgMiPQbgJBlIurXI9oc6DW95gzNxAqLKurT7ZCVnZVVUlIC9kEdh6AZBMMhq2TIgIohwwfBkEEDhuAgn4loQI9o86DX9JozNFNViyrKtHrh3HAYW0mwD+o4As1QiEJ4wIhydUR0KIwYWj4CYCgTUXmPaAuh1/SaMzSzEhZVlOmdcwpycsrLy8E+qKOMZiTokFMuD0vI+kiQRw6TAUYyEQ3rEW0f6DW95gzN4nEWVTSw2yGvKC9v2LBhYB/U0UCjwGjIG2ZUjDNGK2AoFQYO8pmIKnpE2w96Ta85Q9NQaVFFmd0iCooLCioqKsA+qONoNDFIQkHFaKVydDIGo2PKaIAYE5HSI9oI9Jpec+ZGoLua5IJo2gj2x8SZ2eqECJafnoaY21ZkPkLPCoWzc3LzoKCwCIr7UseBg8oHD8G+fsTIilFRWVFBN2JxxDkTzaQekc6B/x0j/p8Fk2ALyr4Qwgj8+LQNwOfPgARUYbJrMLHzoQHWwwOpFIB1dQRoEIfxeHUKzMxcTb31FX/L/t1OXMnR484+KxGPaaoiR0dVjBwxfNjQIYPLBw0sG1AaKenfr29xn6LCgvy83JzscCgrGPD7vB63y+mQRIHAiKqy6rpIR3ldh1ReNnnySPO8rB4d6hmHuo4IOlX39NMRqbO8RXr6TKLP5V/wmbR9Jrt9klBkDIwZOSJSVRbp+F1lWaSTLJwxH+3XV5YtiHQcs+znWXap3DoJ4ElpKYaIVBWurIx0kLpIVUf1hpXbquoqMb49Pu/EsomN3pEjYI/Xh1Yf2jqqy1r2kOqziWURqqvO2iOAO4Cp6jinrLKqY0pZpZmEDnFQVX1DR82M+VWVxaWlC0aO6CATl5Ut7YCyCR1Zwy0vMNG6TYdzYofLuk2kycwOXBvZM+Lgtus6Q7C0bri/oayhfvH8DrF+gXmP8PCOSWWVHZM2vV04ckQnuXf2/A7PxE4Cs+fvg3NSW/ZM2VJZucC8W/bE+VtZ78XitqrCpoh5um3b1kjHrhnz2aulplywACMdOWLqzPmlmOqyqusiZjZmzrdygJGSwlGYSNPNzKad4cayKtOlblWkw1M2oWzltlV1WFl9tnXAzI2le/uck9yXOgLnVEW2zZ5fVtoxrrhsQX1l3z25sG3mxoemJCNTel4ZOWJPKGyX9J5gFrX4A6ylsfuaZbO8mzZMdbqoiZmisikIkY7IsgimZH5ZhzAoborGOGxbFkdvaBYQLNEmLL+6baGzzIpwDAqVRbZ9CAiEsmPv93Sppy7OQaEPwbSacOmGHF5P2zuGD+8YNsxEimsiVi2m7GzrXB85YkPH1LKWUKRjKhYZ1MzHQAvOGoVFXlpq1vK1nUlYiicdW2bMt88jsLR4LyRHDV/QIdSZVw6mr+TNMa9sSV/pDl5XhnB+2Hq48zrc5d3/WaH8nKqVZ3WQ/K+53Ghfx8enKrJHcgzaVjO/vH7btcXldduuW4BVU42P4rZt1WWR6m112+o7U1uWlkVCZdv2TJ26raWqLp2lztTBa4s7ktctWEmwUDtUuzQ6cibOF4uFBbZNKBbRNnVW2dQZC+fHaaV1SIPwf0pDWVVDE0Joy9JVWF/4X3+dCbTSbaGOc06Vmv6EQaFDZT8nHSSnA3JDHWSMlWzSATkdBCt+SodYEMeLI8en4EFhMXTgcQQPbIpREmgTFqEMCedCEo8teIiwC+URPASICOdAFI8WPLbgcRCPQ3g40WU6htsizEBZh3IXHofwEPGsBt0OojyBh4DxzoQaPAS8y2SMcbLZh6FMn23BYwceu/Bwos/JGMNkjL/nlYN4nMDDjeEmYbhJmK5JGPckzNEkvDoJw9ah3ILHDjx20SvYNaJkw0jdIQ7hcQSPE5a/GpRmDC1fiMWJoarxTtV4tRqvVuPVarxSbX6LizKCxxd9ODHuaoy7GuOutsokE3IHHh14HOyOIfSFWGqsK2m/u6hfNkaX5T/t14xdwvgnYLlHUNbhYZ7twqMDjxN4OMcX4rWJeG0iXpuI1yZimLSLeXbEcgmRPRDBI0r2JH1iZGN0Y3Jjy0apZT9ZBFvIomS+AJu2bBJg3pZ5ggfaSeJEO/EEfJ1u2FviMX+Sd5agFpIVyYpmSYkdWbuyOrIOZh3KOpJ1IsvlySIlZBQZR6TETvIgeYI8Rw6T4yRF8IqjxDHKMc6BVxwPOp5wPOc47DjuSDnwilgijhLHiXhFfFB8QnxOPCweF1OiywO+kC/ii/qkLFeJa5RrnAtv6Nvl6/Ad9B3yHfGd8Ll2uh50PeF6znXYddyVcrmSnUIk+RCB7aHtke3R7cntNdvrtrds37J9x3Zv3fYT2wXb9eD2Q9uP4Kkr8mz02YPPitdK1zoOSAccUrFU7JgqTXVIo6XRjh9JP3JI00t2lggmZS1M77+zv5DVv6S/4Mnqn1UiuJuLyLiiZJEARaEiobmQjCtMFgpQGCrEciuEIvSQtyNPGJeXzBMgL5QnNOfuyBXG5SZzBXyOc9FTLuQJ7o7lzpKO5QdSJxER+eTpvS+5SjrJ08mCl2a58ufUFZbMqQsX5kN1NTZi2WF38gB5DW0e8uO9m4ejx/v2bq7Dnx/s3fx6yXgf+T6sEO6AEvI9Mlu6H36AEd5BZu+9NT9/H7ndtnSS8/duzscgi/ZuHok/8/duvsoMORc2OzQMWUNmCxthAYacigEORzDkFDI76XmmX/7nm4eUfLLocfMG8DGZTQY/Niz/L5snlry9ebyXPI6Oh8hsz0xyHuTDcxjLa3tX5P9uH/q7Y+9Z+b/pJLMfOlmW/6z5+2Tf/Gc6zUh35OUfwGzso5E+hp4n7q3IfwQvPvxwn/zd9Z0ObW/JPYsOWJfvRldMxk7zdj48/y6Znf1jvJIP38Hbzdk7O/8uM+DLJfnfRi9Dvov5yYcdeMkMvB3jbt6r5V/zs+5EbkWnB/eOzd+CiRQf33tV/qV4zXURxp0PG8lsp7b39fwWdBq0xIppjRnT3pKmzeNDVhnfC+3W725YOGSq6YPshHkYcQlZsLf9ByU/Res8wQ/T8ULVQ/MeLMaiL9nb/kTJ+BDpBwsdP4cn8EpfDNKAum4+KUYbjlHR1ueheW+Xoe+iR+a9VJr/6cJ9ZvR78z+a10kCjw3Nf6E9WvL7TZ1mWv5n3r4Bx81r+9s7ie/Rks55r5fcu7DT4XroB/l3ovecpH9Y/g2YmKvxwqpN+/xLyePJcP5ijKHaV+2ods8xV8PagQpVUnHteM+145euHQtcA90D3BF3f3dfdx93oTvfnevOdofcQbffnGTpdrolt+DGZnroEwjFBB6T8fg1HhLpyBGnClNnTSBTOw4ug6lLIx2nZpV1Eu+MhR2OsgmkI3sqTJ09oSM+fCq2IzM7YsOndrhqFs3fQ8i3sGe/2lLsMN/m+ZXFpk63DwgZeuX1xeZv6srrFywgrYWQP/zLptAUZGrNxv1Y/v3BNXzqLLTusKyF/TpumTprfscP+y3oUExLqt+CqR3NsyKL5+/D5um1qsp95HXzZ8H8fWIpOYwqILqLpahZTu34geUNVpDX0RtsNn/Qm/QBrDC9wQrpA9Mblr7tbxEGR3/15g/6c10Diyx/i1zXWP4cmulvz/Mrqir3rFhh+Rk8E563/Dw/eCbjB0GJYSv3LFpk+Rp0NZltJWz2oKvRF0ztiFsxbdqEfto3WX7INthkxbSJbLMSPynjZSH18mG3lw8tL3UZL/NsL8J9aS/CfeiFtGDu/jlr/t7q0uqqaysxfeJR86zeOtu7eUV11coyHEF8vbf6RTze9sPzmGvqE4Z/lSHD/zPTOIE8dP6rt19sau91ZVWNeNR1XLthZSFqXZHInttfpWp9ed3SZSvN3/rGjlfLGis7bi+rjOw5/+J/cfli8/L5ZZV74OKq2fP3XJxsrNx7fvL8qrL6ygUP1a5bemOPe13Tfa+l6/5FZOvMyJaa96q98V9cvtG8XGve60bzXjea96pN1lr3IlVN5uNWM3+PGyYsmLjY/n1I8Hnx6akrLl0wIT/Ucrb1KI0uLdxcvF8ydyP3oSLtx5FZAA/z0sjxI8eblySwLgXNQRu9VLh5dGnxfnIfvRRC5zA+yrQKUPuoWtlJ3q1a2ZG8FocfOLxymg7vUYcB6ACmw99sh07y17JKOL/1/FbLfMnS1oZHe2t7O56ej4I9hg+3bG14vZW0trWaXvGk3fxpbzUtbd1/jv1QZB33QpFUbs4ISx1NH12rU0fNa13LUn8Xjqb+ji1xtvBS6qTjIPhTf0R97SDfPHBhrDDW/E299G88/pUe/9pMBwXMGC6Dj+EoKYKL4GLUnwvgfZiIeuVdMD31IHyAet+n8GbqNdDhndSv4EL4S2o7mPuFr4PTYM4q2glH0O2nMA3eQJ858GcYAWfDt+E7cA+qAYfgNXgTPNAHRmPYa+C38A58QhyppzBsPpZOMQyFc6AdHoMD8Ed4G1KpbeCD/nh+FI7BCZItTknthX7oZzEsgQ1wO9wjDBdnQjZcC3vgIXgG4z9KBFKUWpxamXoh9TLkQRnEIA5ToBFa4Gb82w2PYo/3DDyHd3gFU3MU/kGKyCRSS9pIp1gmVohbUltgEabuVrgN9mEa/wAfwWkSJMPIcLKYtJDbSKewCbvyITAS89kErbAF/7ZiLh+FpzG+jwghfVHh6SR/EaqET0Uv6pW3ibeL+yUiLZGux/JyYM1OxLAzYCYshwswxxfDN/DvW3A3/AQ6YD/8DP4BnxEJlZ81JCX8UswVC8Q68XjqjlRH6hWsBfPT6sGYguEwCnttA3OYxDzOh2UY30pYhXm9EC6BzRjnlfh3M9xplf+PMG6zbB+HpzClz2LOXoJXsczewHo4hfcT8I4OkksKsUQGkxhqXFPJMrKCfIvcQB4gLwkezM00cY14BWrHT4u/F49JBVJCGiO96yCOsc5hzu1dR7uOp5TUw6n9qROYTxHMpYH7QSmmdTjqFNX4NwUWYukugRVYbhvwbxMi7gpM41a4GnbADZjKH2DtPAsvwIuYtj/D64i6DzB1H0GKAHGTMKbN/uuLaVSIiukcQ6aRC8lN5AdkH/kleZ78XQgJ2cJgQRY0YbowS1gqLBNWCDeKgpglDsAaVsW4WCeVS/OlBmmr1CE9jjkAR8hxtmOm4x7HL5wjnVfAe3AS3u35iOBTsRS+aVmXuMukfeQsYTOMxyfne3AXuZlcRc7HsU2E3IYa9JvwJPwQc3K+OOPzPaed5Goykswkh8j1JCYU40h4MyFikATEy8WfS9+CSWIAriSrhCDZL1SJL4m7hRzyjDBEzIUD4hxyKfkfIdsx1vEL4ZdYQoOwRv4krYRhYh1MxfHJDWIca6FBGoM1I+Oz4BMSUE0+QGTdj8g/JB0l7xFzN618YTCW5p/JPeQemCbkIFaPoCI5X4iSy/HvSXyiQ/AruAWR8k34tWjOVhXw2QWyxwFWPZ63xyF1kuhecLoOkKhJIZM/PCKK4HU6Oon8qCgK53hckmklMMU994LC4dNCJ8ecd3rMtNCpMeeFTo+BcWNQnjaFHFXDpeFBpeHSEeTKrh+SIV0vO+Az0KVd5l0Xi3uEZ7BldOCzP28P+DrJimQfj0cAn9PrcqB6F/ES784nXMST5SJuVycZm8yL4LO1M0KiJIkjhzp8SA8SFxlVe7r21Pm159ceqw1nJxLmYSdCjuaIupqHODDl1uGflT8z4rNycQ8Jf/xx13Fbmox3Xdc+sgBr3QfTkxUOl8P9ivRHh+RxuvG2TgKLk84XvT6v0+X1kh1bfJdFXFFX0lXjqnM5XPsEAH/oVO3JPscSo8Iq3vftPqfHhFU5CmaKctS8XJfTNfhsEitrfWeI3DqycozQTIqe+dGsFUpb3yXz8e462Uo+FXZh6ceSfpEIL4BA4DKRiJ1ET2Y5WrDR2QG78JE+goDbR3SQQu/U4n8YsznqWCKBucRS1vGJ2EqKuo5ijBsxU3WYHxGGJfMxxsXgFYi4IwJRbD5qoA6LfB8Zi/Gcqj1mlpUViRpWwxuP2jGkulJHyR8cL2AMWrJIRAzcJYi5giAKiGfwkbuF9Q7xCozEj5F8eCx08hhmfNyYrY6K4VsvfUqOuvBxFciwB7peKHK8/2muWduTUkfF2djn+bCvOSdZmr3KGfCvAkfe8yAuES8Td9JhuGuUuF08Iopip5CbDGY9X+dp8Wzx7PB0eByefQjnQjPNp2vX4Q2PjTsmR4mSHQ4JZQOEcCi7YIAzHMpXFSMcKie/e/Dll39iHpUzZlRW1dQ4DnY91FXXVd/1EDmH7CbfIee993BXR1fHQw+T6aTGZO2uxGTejCn0wMJHxjmmOwQE/L3JsPRmUiCC0+1xEPALxAPmULLPFnNfbx+i9IQkhKSIlJRqpB3SEckp7RPywIupXDcmnEBkjgmNscpmXO3JY7VytLQs7HTpCAdVuPmdb9xf9z9D9ktl365MDX7mchOJw/AhnIlp6Asrk8rWHOLKWRm+KCx6XDnEnfX94Jv+VdkO6PspEfyOvsm+Qkdf0lfwXJOXB+bzIGCHlZP09A9ek3XrdEzzPmEk9AudWnfyGCZnzJjQsbBauw4Tc3rMuNMn38ayMxFaS8KlRnbMiBm6Vl42wISqquTn5QaJC//FmZ+/HLjy4G1l2tzq2/1/yXvuxz89KC+/sHl0NnF0fXYT8b3ywNgFC+uW/qXvkedP7Vx4/4+uvLSmHGu7BPNxGebDiz3YzckCf0AKIA7d4HcGXA6vL+ACvz8Q6CRTk1milCuKkij4JVfgU7fQSR5M+kDCrlMMCJIfDqCG7sXG4PQjDscObBD2k4ngEiqSnueEw4IANJtBzGbt6ZO1Y0J/x+c+YT4a48Zhu4SPIp6YuJQuDT2VlZVFwgnABgIrIlyqE8R8XllYDBPB15UreJ68+ebDXe+TwafEuz8//6OuV4T+5MMun1kvUxG9rajd9YOfJQdDGLKXZYvxgBrWsiuzrw5szT4YPph9KHwo+0j4SPaJ8InsYDg7u5PUJD2BYG4gEAx8399J4smwd1VdLonmJnMvyz2YeyjXkdtJ7kqGQuFPs4ISfJ+8Ka0qDoSyOonyiOv5cYWksFMY+VBJ+Nbs/eQHECTbk+HAreSaHdgUCHVgtgsimM9Ef6ze2mMn3z79dqgLfxFvWL1mNSMIT588uTVYMdyBuccKr12XE+uP9Zuu6xwsBZehKuarJnyIyqe+42kYM2l547Rl0w9sEOq7pg2aVvOtZZf+4eldL5GN/erWXn/DtisuKBU+6/rkk1Et2//6867Hf28+25OxdC7A2i5ALeza5JAioUkQ3gyTSblzQ3NyxdJVBz2HPILHUyzC9y8jJItgi06wi+8khckScVWeo3hVVsBZmE1QF+t/TdJf46/zt/i3+Hf4nX4T0YFBhc/XZbdkb8nekS1lmzkeaLYC5nHyGFam2RScPmmCed3beDqq1mwXaqF2HXFhLp0uE9HZVgbNVgLRTXLz02XgFGcfDrVOXRYYvip5/fOv3/PwsVM/v/KxrtCKCck5iysnLJZm9b/nnk/OPrvrkz+92/UxmYc9+41k6SOfv3XtjZuu3XHFZqyCqtQ74mLMfSEMxAb27uQip3eud255u+9m383lziukK9zC1sG3DsZ+OQaTQPRD31VQQTwVLRVbKnZVdFQ4atAiVFTkDB1ABqxyOp4eQoascuaQnIA/azgMyi/5nefW4dcks2qyhCyzOMJK0TXirYOuqctvyd+SvyNfyjeLRLaLo7tQrHJZd2zduGPrzCJZt/602ciTWqtcKoiuGdZj7nT1J+bDjpWPTjlswTB2Epwz96l7OzoXnLdieePe5p+8tXLHjLPHzZwxNjkzr6G6ekn9pOp6sWDEbRc88LtXv3PBd4Yqj1xx9aG1//jtFT8j581dvHjurMW1p8/asGXTpqZN5mhDxxKbT/FyUbJ0QWhhrlC6qtlDnvMcTgOlhaAaiK1tGihhBEoAgeJwFj6fzK7JFrLNssgZZINmu/9B/3P+w/7jfoffbA8GZkrjy/BYZ+EjJ2bmL2ZmXdA1hIXdkZQTK8d5Vu7PPRxaf97S4PDVE6554fW7H33/1FNX7yH/WInYqK0cX0tm9b/77k/Gnk2cr7xLvF33d7V2re767kNiZNtNm771LcSG9W5dehR1HBe2YW8l60bDaIcw1qm4xrmj3kXO2a4/ut5zvuPyPON82vWKUxzqLHcJbuxjPV5RkjwuDyFN4MLu0+X0SFKTw5nrcDg9LkFcmHSbS84SIkkOt9MlJP1L/B1+0bVfCIBT8CdzPRHydrIOiAazsZk4CCewy+8UfMmsOg/RPLOxSz3oOYFdKro9EpHedjh8Iewf+hRhz4r/fQrRGjpdeKrW6rrwktmXjUHFJjtB+/itFYXmjys0ZszW0FNm27LOhFZpqYh/pDQHm/RHuz5u6oos6+oiLxIyYPfd5Lyuhxz7P98mRE4fMXXNTVg2TVg25pzYIXB7coLDTzzBW8RbpNvL7xWeKX+v3OXxBIm7f062Ozdn4ZBR/Un//uF+2QsJCJGShaGw2+0oyoaScNFuh2Pg5hYf8XUK0WRhyYpouCYsQDgUjoRF+ycalsL7yA0wNHRq/TpTgTh2SWJU4TGqLtp94hgze6Nq8SchOjBfVIVbl1OqmM+I/aQ4Xc6hJCesKrGz8RmqIGUi2ql1E3njl7vWnj/1go13NE3pOtW14oNdOwacXZ2YcfC6N26anRjbeJdj/+RHW1f9aGh55xW7XuuTLT3d9YDDO2fK+Bm5p/d1XVSyqHpybRn2NjWpo9IK1L76wr3Jgbd7b88XJgtVzirv5KAUF3Sn7hWHCOXOcq+Yn5dfVFQshvaTrRAmc5Le3Ha/OA4VGlQFyLWP7UCV8QSWdCfZm/T2aZc8S/qT8O5QJ/E+BruTZImlMajJfgWbp7tr3MIS92Xu7e6d7gfdT7ifcx92H3en3F73PnzCTC3CKjXUYczepfbtWqpC1Naa1U4KnFLZgMHl4VDM6k0KXFgcaW1MvORvsRQc+NsN991/48fPXl0/8kTBNbVX3nfP5XXXCcWLTr31yO9xqHPhi53blv68+sLL3u36sOtvf70Zn52NFB9+6ANXJyf8NfxpWJgnzgnfly8m3FOkKW5xiDTEnZDEPgETElnBhT6/OwBBf+7mUc4W53GnmOUc5dzufNAp1eC54DTR0Se4IuKPYhcjotruj6R/on7Jb+KjmOLDFHQcYSPDzirUWmAwOxNsN0pNHJwtmHU/uLxsIzlw3492zJx7xYEbu+IfPNreNHHEyCWV6g2O/VP3dr39ws+6jt4zS3ryc33EgoPfufvx1eGAqVdcjHkMYB59sC2pOdwecxV+84kWBYk4f+9ygbSQCJ6F4I4GcMzuAedtws1JX51vi0+M+nb6BES8nOxXEyCeFaZ2X2O+hg1BJP0TBQnMbPntbNV2ras9abaBiVpLfUa4px8B66Cwx0FbXik9LhYvOb1BWHz6HmGXY//HXQc+6lr3EaZ7BiL0EURoBL6bVKr8k/In9RFj+bE+VW6x3K+7db+Yn5/fp9x9W+jlnPdyPslxRWAhtmt988LH38smqBrNSZbmtQfFvu1ObOQihdm7wzfjQ71CiIpJsUXcIR4UHTgE0JLZMCA6QCjcPN1b473VK4ZQAzQBWYoZwvycNp/WkNXfjbKb+Vqrie+usFqil4ZNbA402/iBqiJRaOaFCqzmXxd+KPimd71+w96uEzu/R8hDLxFx0IniHQ13Hly54LZJt48Rij863Vl71YOk9v0PyPwfvvpibN1F//io66NtF048az+WRCtWYyPWoAjnJnXURkVwT3c0OzocoiCuIOlqMIdd5jDObTuY2psjXWFmBZlDsXXrMdl2i2uPxlo/cOz/tBrv0Q/1qxKrpTw3ORQEz3HvZ0EsuPCKqGBqwSIIISEiRIWkUCPUCVuEDuGQ4BU6hZLHIt6oV/Du9uwjV0B26BSWGMLA1g+xgNSw3fMPjuVbpaELI/658KHLH3iK/EXqN3jauZOxua57488b/n4i8g3jnAs6TcReiojdZyH2SHKsw1nunOSciwXsNJxVThynOIm7TtwiCjOdt4gHxAPOJzxPeJ1Op8vj9bi9DuwVcCDtcDodHre7kyxKlrucuS6XUzR7N2+utfal4HNIEhaky+32gdsrekSf1EmO73XcjCGOP5wc5SKuTkFPhiEi+FYQWoohTFoa6SYozP6rFvsxxEaB+RRjF2YJEx3p4QD+YifmvvQp0R0a4x6z1ZTYk6GCZLb7pNasA1LqIaXEFb70A/I3MqlrNHmt6+muR37p2H+6Xbj29C8//4bQ8WFXFd78G9ilPef4CfazI5JehAE+syEHcXQKRtIrrmDr2mlqJX9fZ+LVrufSvG98ICx2/OSzKR+ZJXyhuQmM2e6RK5PfC4kl7hJfjbjEvcS3Q9zp3uk7JB52H/b5QcxyZ/mqhaQ43T3dt0Xc7t5OLwXMl9vTxQ5RyncX+V4U/iy96Pmz1ykJXsnh8Xqr3ZWeqd4pvsuFbdJV7i2e7d5tvpeEP7pf8YUjwigpKoyTksJ0abawSJrlWexdJlwgLfOs9rYKF0utnku8+4SHxYc9D3mfEn4jFbqTYmfqYHKuLym5PZ7t9lDOKwrCdp831+fz+tzmzmLYlvk9ThEbM6xVL7hLgqQ5uD24M/hcELUct1cQfW6Xz+86lFyCzfVzTrHSSUqcBNvromRoibjdekcvVYqkxCRF0LE44j9kPkjdzV0LSGwJB6ynyVRnsNUzDwRCyK58c2hYu94ExDg8LbCaPfzpqdVAPB63RkvrEQvrsYKKSWkYx4nY2V9ILvjTy2T1G8f/egwfjkLx3U+rpW9+ttk80k9HDOvOA/+T3GzW1y7xQXeH+IT7hJhyu3PFYndEHOWOiuPcZr2Z1WrWXNrTQfE5t1mHR8Tj7nyz5gXU9bAvEJrcrlxzwzUsTOvZcLpcHsCrbkk85Eg66+xezuz1djqfcB52pvCR6xTCyVxwew7RRkhkS8gmKEySzvqxxsvdzwgWCS0Pkm0OGgBLEHFKEKplJHzp++T9N0929cXsjxRf+LRafPzzSuytz8Ee4WXsEYLYW387uahaIOc4pniqA6IhnOVIeMRyYajDCIj54aGe8oBYlFNUkF90S750K45y2yXxNuwU2n2enX1J3mabWtvikna6SBJtLWjf5TroOuQ64jrh8uDDn53MytpsN6zidDDnBJl9AvbdtetNbmi9qaQcqx1n8i1WJ1BbmxPKNtQI6oIuZ2lkcLk9zglbmv45d366FxWhqh/f2nW667Nbf/zpwW9tf/yxm27aL7xInGTWvV0bum7q2vHcY488R1pPn/6MSKmTp/COpvaagzUdwHFfc7KiwPHrbCHLj6N31EL8UBjE7g6VcXdNH5K7eZyV/uMuKeSKYuZEzEIx9mzBQHfzZVaRYNVMEW3AQmZLbfcGll6KknbPZsNUqhTY47bhpEhgFNCr/jTxgmsvevjPO6/aWn928vzbHPvzBrz+4M6X5p1+SXqyq6582eQpDQPwTqbegco45EEp7ExGbhFxSF4YmuJb6Ls9dHvROyHUvEPE3eAmAY8vGAqZTfUIXwAf6UAfD/HkLxyVSyCX5OZCKeonQXAHD0QCJBAoK7ZUL1PV6pPMgtK8dMMXoc3zAIunMWFnKh/rLNrQsuE4rTZNVCDqoMJsh22CysxtWgEvyCkVKwTMNLEzXT64fDi5mKSeum/17tumLZ9/Q9fhjiWV585WHt69MB6PDrj7Z479039x9Y+fL45f+eOuN8m4B+aVnr5LnNZv/pTqOSEcQcHY1DtSEHE7hExL9hta2uS9JnRV5A7v7ZG9Q14tcVc5yAUlZBKQktJSsxAmeHy5Ho/Pg4paoS/hm+o5x7fIU+u71nOt707fA54HfK95jnuO+UJNnqs9d3ru973ie9fzmc+10LfKJ3h8pSUSydtPRkC+0O+xovaPEPSmcj4iWQEkZFHaks1rbyE7yC5ykBwiRwgO5Wag0w6yG8dRb5EPzfGw0Depi+2DPdOHESvWgcH83RvzrskT8vKcuweS3XNhA1xlomrouIFLBtYN3DJw10BH1UAy0AReed/dECSRYDQ4IVgTrAu2BLcEdwQPBo8EvaZjDVql4AdDQyfNJ+nYutpLsH4Ka4+FTl9i/Zqtpvl8fYiX3x5Xe+zDt9Fhfe06s/aCNs20rhbW4fg62+IPUDmuQOXLohXTylcuDhH6CyYlExl7bMjrazePWPjAnTvmrDl4/Yt/d/0ztGrp0lXR6AOP3T33b592VZPX+nYdbZ2jVI/UR619aMVFB5e+88fAhvNnjh0zdKist++74omuz822dyD2wIetsfb45EgnEYSFouACd8QzzpP0iI4/uFbAH6ICyRJKUFXaIpwQHBHhQeEJQRRMeuTk6betp+2Y9YyZ7KCpAJNruu4UD3TdJT358cefnW3e5SJs58wWPh9ak2M35vwq952wuDzclLMhLAb8fhyHDEX9pD2ePTn7omwx2+P3rQgksZC3Bx8MSqOwrHcGnwgeDqaCzqDZQGfnE2EFRPKj+TX5YiSf5H9QEDq5rjbTMtscjtkqW21ZDqpsBf1t8GNzHBKcZQMqSPiiDzyhjctmrxr8z3GvPfL4C0uwbX5nX7x+1dQrXxWHf97V9UrXJ3dv/ZBMwfRjbyAtsfS3O5KTwetzCh6Xzym6Jb9DdBO/Q/B4sNNuEjy5guBxOH2+JnDk2guTY0eEvbzP7ziQhb3zbZ4DNe6DbgHcxG1q6jkwCochWQHiFg+YtOxtvgP4yH9mamTHTq47Zj7KVpuGdgh19zU9O94sc60/fPRVVLqKLdULRwfkzq5rSd9/vE+K8PfOrldxgPihcFr4addQ8tLp+Okg+azLnJQJVal3RWzwsCXtByuSExpcbS7hdi/Z6L3GeY1XnC3ODjSITc4mb0Ngo9NVPM/nyjKVRm/ePIevEGERXES+E5qOqoQAe8P1zZirfeQfFreKfcqYY7STPGZx+cfSw8HSMt0ikGxesQA7ydwMv+oUb3tJ33HuDa+8eOeUy/Sjp2+XFyXObVkzu6blroULSRkJ4kOfd845Qujzlh3XT7pn92Pf+66JsGbMzN3S2ZiPi5P9cQDnEGocdY4Wh3g4m2Rll2QLXo8L0y2ITn8nWZAc4XKZ2woSd8Amz7K3Z5MQLCJE/E6NsEMQjggkPTaQhH0kBztBSzsyX5DVhtVRprKr0oyFze8RUO9Btae0LKzmmQ9tgUmiBkkemXv0j7F5iemTJyfU6JSIVH7rqir9w4pJ+z+x3pSO7v7b8i/+noB3iYco5HLyS2Eo/n1bjIg7xZ1SXHqg559jtOPXzqnOn7qK8O+7+HfIne/+vvtXnt3eAd47vJ94P/Ft9i/z3+I/Zf4Fln3F36+++i9Y2vvX+9f71/v3f/PPnmiCxyaU2VCH7TwO6WFg6heQC7mpe1CbEdE+EGKpK2EU2t9CadpVy65CVmooyrAlB6J7DF2qUYYwbAzdTbvtrqD/GMxB9znox5RhlKaZKm7r/lJNh/SHgQRTolO7gOmaQO0ijnTS7hKEu+3mLKfzqN2JvdYCandBLTRRuxvDfoPaPTjmeJraA2QOHKX2EMaU9h9G/WS0+dWiJGIagsJcapdgiDDGsjvQ3StspnYJBgoNlt2J7k7h+9RufpFwtWV3obtbeJLaJRgg3GfZ3ejuF96mdgnKhWctu7ne+irhBLUTKBQXUjvGI7ZRuwjRbneMs9vuQP/bqN0JEfH71O6C/eKT1O7GsB9QuwcmSJdQu1f6XPoZtQeEH3r2U3sIvI6zqT0M+eJyy+41y8e/mdqxfPx2OfjQPdt/L7VLMMJ/nWX3m+n3P0/tmGZ/p2UPmt/T+LuoXYJhfrtMQlY8z1O7GY/tP8cs58AQasdyDgQte66ZnsBkasf0BCosex665wZaqF2CioBdp/mW/+9Su+n/CsteZPl/mtpN/z+27MVmvQdOUjvWe+BPlr2fVe9PUrtZ73b9lpj+g4XUbvq38zjQrPfgGGrHeg8OsOwjLf9LqR39B628uJlydjPl7GbS72bS72f8+xn/fqb8/bT8748o0Wg8MntlY+S85rXNbRtbGiMTm9e3NK+vb2tqXlsRGb96dWRm04qVba2RmY2tjes3NDZUjF/fVL86Mq1+/frmCyMTmlc3RM6yopnbuL4VA0WUCi1q+bG9jDS92GGaWiP1kbb19Q2Na+rXXxBpXv6Vd440rY204bU5a5vaGhsis9rq2xox8NqGUc3rI814ZX1kWXP72rb1TY2tFTObl6L3aU3LVjavrm8dEampR/dlTfWRWfXtaxswVQua2yNr6jdG2lsbMVZMxfLmtW2RtuZIQ1Nry2q8gBFHWtY3oeMyvNKIv/WtkZbG9Wua2szbL91oJWZ107LGtWYUeMGMY73l2rK+uaF9WZuZ4gtXYhqYO+Bv09plq9sbsNQi6UQ0r129MTKkaWikcc1SjJvxvfZr7255b2hauyKyvrHVzKBZTpkb2CVG4xpt5WhIE96lrXGNWajrm/CuDc0Xrl3dXN/QsxDq7axjkXaXbXN7W0t7W6ShcQNm2fSzsnF1S88SqoDxsB5bzXpYDRGYhr/r8a8ZLrTOGmEFnjVCG7p/tb82aCcBWAvvfY2f5RhLw9dcr7bu0vbVPsSrxZ+KT4lPoNwD9+NVBaL4F0fbbFiJoSPYhzRjKpoxlo04CjNdJuLZerSbsh7dmywfFXhlPN7BvMdMdFuB4dug1TprxN9G9L3BSu/Xlc4E/F2NfiJwFpOauVboVnon070CNLySiYeNZWR3LOx9mqy01Fsla6a7AeNcY4W6AN2asSz/8zybsa61YrTDzcGzJjxrtHIwy6rhNiv35p3XousoK4aIFfdKK1cRWIZn7Xi1zUqt6bsCy6wZltLYzVnOy9C3mad6vDoC3WqsmNdbV5qsXM1C2W7dwy6rL+eh0kr7hVasK/B8OuZ5uRWDeVWGBJa0QuvRTtVaK/VruvO9HuOKYNxmXlotW6OVBrPsGqyUm/W+1kohW/bpuOqte5sh11gxmvddialeY8Vo1lCb5Xulda96tLXRO7RaZb7MCttmXV9rxWL+buyuvyaKuBYrbjNFy6xUtVp3y9RCxCpHM/3t1t3S6MikKl2vZoma5xdaca9k6tr022zFZd877W7XURstkWUUaa1f8teGcTZapdJkPaUrrZzbLu1WSVcwiGy2np31VnmuphhutDCwhoZJx7/MCr2B3rOJ5tO81kbxli6D5ejTjM12zZRqEy3bZpqPJst/u3WWrtOR1tlGK/RXIWK5VYM2ns2cmFfWWLHZqLDja8bnL/2E2GVv5sDOD/tsNVh3XmG52uEvxCtNtP5MP6ux3m18NKNcgdc20JK2Y0inx24FVlNkRKwSXEZz32TV2GrLT4v13NhIXGuFrPgCrpu6MRXBqxfRWlljpcVE5Qb6LNotxuruVKyxzjYymLCf0UyJ9czdMnqPpVYM7VYpN/RAZSOsQ/d0uZqoXtadv+W0zWmjabRrqc1Kk90S2DW+3vpKw/TbRlsZ+zlqpQjLtHv21TVWfdTjWKnJekparXS04Z1H9ECZffcGq7RarOdjY3cu0vc2w19oXa+3SmI9vYf59Nil2GaFT6c4HXuLhaA1VjuXTlsFjnXMFtVOIXuvNqtM02ViPzU2Wr6YOjb+Juoz0yLa5/W0rUnjuq275V9qxZFpEZrok51OhR2iZ93Yfu38NFg12NZdOiwW/lUemuizbqJ0NYZtoP1s5EslYYawkTcE/Q+1amyNhauGr4x77RnkPRN7Q3fd2ZhK916ZevtyDtj+tWe6RjN1ZObEzssXe6v0U9Zg6QVmzpstRH0dEup71Hoj7a2/2Gc3W21UC22pzNRu6O5J7XjSLdLXYYhHT2yCr9cTz0V3s+3agOdNVt/x1X4nWeXS2v38N3+t7vgeul4ApzDm99D1q33OtWL76uuTLdcNlrb6df5q8NfMcbul+TRbPTtf+XxNPqQS6WxptDRRMqS4lJTGSlOlxNfEOptD655quhIZfX2dH7s1veBry/hc61k3r3UvmpQaDLd8xTeCIpisSC6QVArEQGVV9ZJJ5y6omRwZsGL1xpaV0QGRKZWRaGT2gpqqyITxs6oiVdMqbR9f8itbfmUuv4rlV+Hyq1p+1cicaVMmTq+siqh8wTQrmJYJpnIF061geiaYxhXMsIIZmWA6V7CYFSyWCWZwBYtbweKZYDGuYAkrWCITLM5XsTYK5GgmYIIvIIWE3B1Q44SSjQ9ZyQTkw5Vsg0XOoEXjQ4tsw0XO4EXjw4tsA0bOIEbjQ4xsQ0buxszc8efOqZoVGTBneDSqVI4wf8ZXDuCLy8aRnAGSxgck2UaSnIGSxgcl2caSnAGTxgcmxQaTkgGTxgcmxQaTkgGTzgcmhTY2GTDpnI2UDSYlAyadD0yKDSYlAyadD0yKDSYlAyadD0yKDSYl0wDpfA2QYiNHySBH50OOYiNHySBH50OOYiNHySBH50OOaiNHjf6rB0adYD4waqyK74FRbTCpGTAZfGBSbTCpGTAZfGBSaTeWAZPB2f3ZYFIzYDL4wKTaYFIzYDL4wKTaYFIzYDL4wKTaYFIzYDL4wKTaYFIzYDL4wKTaYFIzYDL4wKTZYNIyzZDB1wxpNnK0DHJifMjRbORoGeTE+JCj2cjRMsiJcWpAVAXKICfGhxzNRo6WQU6MDzmajRwtg5wYH3I0GzlaBjkxPuRoNnK0DHJifMjRbORoGeTE+JCj28jRM8iJ8SFHt5GjZ5AT50OObiNHzyAnzocc3UaOnkFOnA85uo0cPYOcOKf2TNXnDHLifMjRbeToGeTE+ZCj28jRM8iJ8yFHt5GjZ5AT50OObiNHzyAnzoccw0aOkUFOnA85ho0cI4OcBB9yDBs5RgY5CT7kGDZyjAxyEnzIMWzkGBnkJPiQY9jIMTLISXCOvOjQK4OcBB9yDBs5RgY5CT7kGDZyjAxyEnzIMWzkGBnkJPiQE7ORE8sgJ8GHnJiNnFgGOXKUDzoxGzoxhQnJh52YjZ2YyoTkA0/MBk9MY0LyoSdmoyemMyH54BOz4RMzmJCcY3c6eI8xIfkAFLMBFIszIfkQFLMRFEswIfkgFLchFI8yIfkwFLcxFGcwJPNhKG5jKM5gSObDUNzGUJzBkMyHobiNoTiDIZkPQ3EbQ3EGQzIfhuI2huIMhmQ+DMVtDMUZDMmcFBDlgBgMyXwYitsYijMYkvkwlLAxlGAwJPNhKGFjKMFgSOHDUMLGUILBkMKHoYSNoQSDIYUPQwkbQwkGQwofhhI2hhIMhhQ+DCVsDCUYDCl8GErYGEowGFL4MJSwMZRgMMTZBSYolchgiLMPxP6HsokMijh7M+yBaNgMjhTOXgn7IBpWYcLy3pfSitEMlhTOtgH7IRo2gyaFE/vYE9GwOhNW5wxL+cWowYTlTTPlE6MxJiwnoxillGI0zoTlJZopqxhNMGE5cZVmqRmaWlF4eeo0Uc3gSuXEVZqrZshqhfNdg5ymqxm+WuF8vSGnGWuGslY4X1bIadKaYa0VzjcWcpq3lhlcqbx1RHHFENUK5ysPOU1VM1y1wvsCI81WM3S1wvsOgxLWMsNYK7xvIyhnLTOktcL7XkFJvwNhcMX7MoMy1zJDXSu8ryUoeS0z7LXC+zaB8tcyQ2ArGieuKIUtMxy2ovO+LqK4YmhsReOtX4orhslWdN76pbhiyGyF8x2BTOlsWWXoAO4GmvLXMkNgy5yMmUwpbJnhsGWDN9Hp92uMUsVJR8uUyJYZJlvmpHllymXLDJkd5+6RKJ8tM4S2HOfNMEWWyvaEvBmmyGJobTnGW8EUWQyzLXMy1DLltmWG3I5rvBmm/LbMENwyJ08pU4pb1lhkcTbRlOWWGZo7Ho/y3jj99paBVoL3xhRaDNutcI7BZMp3ywzhHY/xdsKU85YZ0lvmJK9lSnvLDO+NpcV7Y4otjWUwOUkPmdLfMsN/ywZvWIotncUWZ1NLSXCZZcFjnHyLTIlwmWXCYwrvnSm4WDY8xjnulfX09ADeIqKIYonwGO87ecqFyzqLKM5HiNLhMsOHy3He4qWAYilxjTcwZcVlhhZXVM5EU2JcNlj9ivO5p9y4zJDjMic7LlN6XDbYbpA3LIUTQ5HLnC/0ZEqSywxLju0Nb2GlJ5xkoKVFeW9MkcWQ5fEYr8JB+XLZYF+1yLyppthiSHOZ88WpTGlzmeHNZc6XPDJlzmWGOo9z45KS5zLLnhu8YSm2WP6c8+WLTAl0mWXQOd+GyJRCl2NsP8ip6VASXWZYdJV3bBZLz11iZsHxjs0okS4zTHpckXnRQZHFkOkYmLOkKZ0ux3to75xVTBl1Oc5ii7c7oqS6zLDqcW6FhfLqcpx9JczJG8uUWpfj7MiQNyxFF8OuJwxeZZjy63KcHRpywpoy7DJDsau8DVc8PTuuG16ZKUdKVNNG4I9icil8sVG8McR7XOWckiNT6l1OsHjjHeJS9l1OsHjjHVtTAl5mGHhDU3TeaYIUcAwLb4bmbBsoES8zTHycmwClXLycYDtLXkaQ0vEyw8fjg8KbbIo5hpLHZHO2LJSUlxNsm8Y7bzaRnpbJEvOcUwij6ZmZjCLGqR8olJhXGGJe5nzxr1BiXulBzPOGpVM0WWKec9CoUGJeYYl5zlGQQol5hSXmOQcjCiXmFZaY53z9q1BiXmGJ+Shv/dIZmywxz9lXKpSYV1hinrOrVCgxr7DEPKf2p8jpSb+Mgs/5FCqUmFdYYl7mnWtMccUS85zdpEKJeYUh5lVeXFFiXmGI+Rh3WVFcMcR8TOWtI4orhpiPcSp/CiXmFYaYjym8dURxxRDzvE20kp5JzhDzvGMhJT2ZXGGZCM7nqHs+OTOTk/OFj5KeUs4Q8zHOF01KelY5Q8zHeJ/f9MRyhphXFd6wFFcMMa9ydmZKeno5Q8yrvJPo0zPMGWJe5Z1Hn55krrAfu/DO+qe4Yoh5lZM9VSgvr7C8POccaIXy8orK9oOcz5Ga/lSBfeHD+SxQXl5R2RfUvGVFccXw8gpvHVFaXlHZF9S85UxxxdLyvJ9KUFpeUVk6gvvGFFgq2xFyNu6Ul1c0lo7gDUuBxdLynBOWFUrLKywtzzlnWaG0vMLQ8nKcN2z6MxiGjYjzppkCi2HlZc5Jrwpl5RWWlVd5v4ehrLzCsPIKJ5WpUFZeYVh5hZNvUigprzCkvMqr2VFOXmE4eZX34yjKySsMJ6/yfh9FOXmF4eQVzjeJCqXkFYaSVwzer6QosBhGXuF8z6To6U+smBaL88WaQsl5hSHnlRhvmimuenDznJik3LzSg5vnvS/Flc6+ouYsK0rNKyw1r3OWFaXmFZaa56RAFUrNKwaLK05MUmpeYah5JcZ7X4orhppXYrz3pbhiqHmFk9ZXjPTXewyu4rxpprgy2PaKN80UVwbbXvGmmeKK4eUVXkxSXl5heHmVd7RBeXmF4eVVzql4CqXlFYaWV3lHdZSWVxhaXuUdiVJaXmFoeZV3JEppeSXGau6c2KC0vMLS8gpvOac/DGU0d4W3nCmuGFpeVXjLmeKKYeVV3tEkJeUVhpRXVd7PWSmuGE5e5ZzWplBKXmEoeZVX+6aMvMIw8irn9DKFEvIKQ8irnNO8FErIK3F2qQPO/ojy8QrDx6sabzlTXLF8vMZbzulvjtkRIW9+Ka4Y9p1bJ6Tku5Jg9SvO/FLuXUmw+hXvl9IUVwz1rvKOJinxrjDEu2rw3pfiiqHdVV79irLuCsO6q7z6FSXdFYZ0V2O8aaa4SrDveXjTTHGVYFfU4E1z+nN2lmng/JY8mv6infmui3MwqVLGXWUY94TCe1/6ETvDuCc4Zy2plHFXGcY9ofGmmX7KzjDuCY3343/6NXuU/UAwwRmWftDOMO4J3o/oKeOuRtnPBHnLin7WzjDuCd4v4injrkZ7vJ3mLGhKuasy+7aQk3dT5fTaCMzbQl51RaWku8qQ7jj25g1MscWw7nE9wZtsCi6GdsfAnLVMeXeV4d0xMGc1U+JdldmPlxO8VUXxxTDvGJgTJJR6VxnqHQNzLp1AuXeV4d7jBudEApWS7ypDvsdjnJ8QqJR9Vxn2PR7jbUSU9AocDMLinB8BqZR/Vxn+PZ7gXYiDEvAqQ8DHEzHeAqMIYxj4eIIX25SCVxkKHgNzYpty8CrDwSe0GO+dKcIYEh4Dcz4YlIVXGRYe23vOwOnlXhgaHgNz9hbp9V0YHh57C848p9d4YYh4DMxZz93rvDD9o875SlpNr/XCUPEYmDfPFGEMF5/QeZ/n9JovKvsZvcJbVRRhDBuf0FXe0qYIY+j4hM7bV6XXf2HoeAzM+WBQPl5l+HgMzJlnSsirDCGPgTnbMMrIqwwjj4E5q4pS8qrGIoxzSKFq6dWEWITxLsBESXlVYxHG27lTVl7VWITxrrpEWXlVYxHGu/ISpeVVjUUY9+pLFGEaizDuFZgownQWYbzaI2XmVZ1FGO9KTJSaV3UWYby6J+XmVZ1FGO+KTJScV3UWYZyjR1VPr1nFIoxz+KhSel7VWYRxcr8q5edVnUUYJ/mrUoJe1VmE8XaxlKFXdRZhnK8VVErRqwaLMN7+mXL0KruwjM75UkKlJL3KLi6j82pDlKVX2QVmdM6hvkppepVdZEbnHOurlKdX2YVmdM7BvmqkV0ZjEcY72qdMvdpjwRlezYBS9Sq76IwR5a1nijB24RmDV62gZL3KLj5jcM79UilbrzJsfYJ7jEHpepWh6zEwJ0goX68yfD0G5s0zRRhD2GNgTpBQxl6NsVOdebUhStmrMZaq4OR01Vh6/T0WYZwvglVK2qsxFmG8mgFl7dUYizDezp3S9mqcRRhvj0F5ezXOIoy3DaPEvRpnEcY7xqDMvRpnEcY5N0Kl1L3KUPeJWJx3tUSKMHYyfYxzooFKyXuVIe8xMG+eKcIY9j4R4x1XxdOrPLILZ/GSLJS/V+Ps4lm8AxRK4KsMgY+BeZeYpAhjGHwMzFnPlMJXGQo/EeecpahSDl9lOHwMzJtnijCGxMfAnA8GZfFVlsXnnN+sUhZfZVn8KG9ZU3yxLD53UVN49Zw4z4nNRHohUZZu5VyqQYumFxNlP7jWeQPTBUUZIj+ucSrbGmXyNZbJN1TeO9OFRVkq3+AsMI1y+RrL5RvcBUYXGI32+BqIcwFWyuZrLJsfi/Immy40yk6g5xx4a5TO19gJ9DpvRdHlRtkJ9JwDQY2y+Ro7gZ5zHKjJ6eVq2Wk4nPmlXL7GTqDnBSal8jV2Aj3vIrKUydfYlW1415GlRL7GrmzDu5Qs5fE1dmUb3tVkKY2vsSvbcA5JNMria+zKNrwPAyXxNXZlG06GVaMcvsaubMM5H1WjFL7GrmzDqURoSnolZAZXnHqTRgl8jV3ZJsG7ADPFFbuyDecX3xql7zV2ZRtOvUej7L3GrmzDSd5rlLzX2JVtErz1S3HFrmyT4K1fiit2ZRtOClyjzL3GMPcK50spjRL3GkPcK5wreWiUt9fYCfScK8tpanqRbWa6BOfYXKOsvaayH/zwru1NcaWyihYnrihnr6msosWJK0rZawxlr0Z5y5niimHs1ShvOVNcMYS9yvmBk5Zes11jpw1ylnN62XaNnTbIu4w6xZXGThvkfI7Si7dr7LRBzueoe/12BlcK730prjR22iDvfSmuNPZrft46orjS2K/5eeuI4orh6VXezX7Sy7mz0+d59WDK0mvs9HnOUZZGSXqNnT7POcjSKEev6ey0Qc78Uope09lpg7z5pbjS2WmDnM++nt4agJ02yPnsU35e09ltknjvS3Glsx+S8d6X4oph51VObkqj5LzGkPMq53snjXLzGsPNq5yvnTRKzWsMNa9yvnXSKDOvGey0Qd4NHCiuDHbaICeeKS+vMby8yrs5BqXlNYaWV3n3xzDSu06w0wZ5y5niymCnDfKWM8WVwU4b5C1niiuGkle598qguGKnz3NOvdcoIa/F2G2UOPsFysdrDB+vcxI7GqXjNYaO553YoFE2XmPYeJ1X36BkvMaQ8TqvvkG5eI3h4nVefSOW3tCEIUp5dTPKxGsMEx+LcxcWBVaM3diEt7QoE68xTHwszltclInXGCYeA3OWF2XiNYaJx8CcDzFl4jWGicfAnKVNmXiNYeJjCYX3zhReDBOPgXnvTPEV77HGCG9VUYDF2TVGOCevaPH0rjkMVco7o12jTLzGrmOj8Y5JKROvsevY6JzLPWmUidfYdWx0zg8tNMrEawwTj4E54UmZeC3Bzkzl1dUoE89fRhRUvGN1SrhrDOGe4B27UsJdS7DtFG+hUBQxhHuCd+yaSG+/xLzO4XydrUfTOzAxb3M4F9jQKduus9PmOfs/nZLtOku2R3k3jaJbMbFcO2fDqlOqXWepds52VadMu84y7ZzNqk6Jdp0l2jlbVZ3y7Do7bV7mrV+6MxM7bV7mrSO6ORPDsyc4pwzolGfXZfZzDM76ldObezG4knn3BaO4Ynj2BOcCDDrl2XWZ3amJs34pz64zPDtv36VTnl1nePYE59tYnfLsOsOzJzh5DZ3y7DrDsyc4eQ2d8uw6w7MnFF5sUFwxPHuC87NEnfLsOsOzJzhfauqUZ9cZnj3ByafoSnrfOPYzH05sUJ5dZ3j2BO8OypRn1xV2EzDO+qU8u87w7AnOTzh1yrPrDM+e4PyEU6c8u85Okld565fiip0jr/LWL8VVjynynP0C5dn1HjPkeXcGpLjqMUGeExuUZ9d7zI/nxIaa3pKQ/XyMs92gPLvOzo7n/OxUpzy7zk6O5/zsVKc8u95jbjxvHVFc9Zgaz1tHFFc9Zsbz1hHFVY+J8Zx1RHl2vce8eM46ojy73nNaPGdYiqses+I565fy7HqPSfGc9auld7tk55NyPvuUZ9d7TInnfPYpz66zM+I5uUWd8uw6OyHe4N3ck+JK6zHTjzMsxRU7HZ5zToCe3jmVnQ3POc1PT2+eyk6G55wXrqf3T2XnwnPyknp6C1V2KjwnL6mnd1FlZ8Jz8pJ690aq7BQ/3j1YKa7YefCcvKSe3k6VXaYmyqucpbdUZdepifJqZ+ltVXV2b0Ne9YxS7brBbm/Iq59Rrl032F0yeRU0Srbr7DLyUc63ZTpl23V2Hfkor3pH6Xbd6LFdJie+KN+uG+yOmbwKnpHerJfdNFPl3eiXIsxgEcarHlLKXTdYhPHqh5Rz19ml5KO8Sh4l3XV2Lfkor5ZHWXe9xz6svGoepd31Hlux8up5lHfXe+zGyqvoUeJd77EhK6+mR5l3veeerJwgodS73mNbVo13R+j0ltAswngVRUq+6z02Z+XVFCn5rvfYn5Xz1apOyXe9xxatnO9WdUq+6+wurVFeJZWS7zq7UWuUV0ul5LvO7tUa5VVTKfmus9u1Rnn1VEq+6+yOrVFeRZWS73q8x8a/nAij5LvO7tsa5VVV4+mNx1mE8eqqlHzX2d1bo7zKKiXfdXYD1yivtkrJd53dwzXK+Rpdp+S7zm7jGuXVdSn5rrM7uUZ5lV1KvuvsZq5RzjfpOmXidXY/1yjnq3Sd0vI6u6VrlFfPpry8nuixuzQnwigxr7Mbu0Z5tfREent7FmEG7w736S3uWYRx6ukG5eYNdhH5KKeiblBy3oiyCOPU1A3KzhtRFmGcqrpB6XkjyiKMU1c3KD9vRFmEcSrrBiXojSiLMM5ZBAZl6I0oizDOqdIGpeiNaI8tzDl3waccvRFlEcY5WdqgJL0hswjjnC1tUJbekFmEcX6/aVCa3pBZhHEutWhQnt6QWYRxrrVoUKLekFmEcc74MChTb8gswjiniBuUqjdkFmGcc8QNytUbMoswzm/cDErWGzKLMM5v3AzK1htyj33yORFG6XpDYRHGOT/doHy9wS4sH+WcoG5Qwt5QWIRxzlA3KGNvKCzCOKeoG5SyNxQWYZxz1A3K2RsKizDOl90GJe0NhUUY55tvg7L2hsIijHOaukFpe0NhEcY5T92gvL2hsAjjnKhuUOLeUFmEcc5UNyhzb7BLzMucr/sNSt0b7N6vMuf7foNy9wa7+avM+cLfoOS9we7+KnPOiDIoe28w7L0sc77yNyh9b7Dbv8qc7/wNyt8bDH8vy5yT3gxK4BvsBrBylBckFGHsDrAy50Qug1L4BrvUvMw538CgHL7BrjUvc044MCiJb7CLzcucMw4MyuIb7GrzMueUA4PS+Aa73LzMOefAoDy+wa43L3NO8jcokW9oLMI4ZywYlMk32G1gZc5pBwal8g2NRZjMCxKKMI1FGK+mT8l8g90HlneHYoOy+YbObkjGW8+UzjfYnWA13mEC5fMNls83eMNSgHFSDAbl8A1OVsGgvL3BSSQYlKs3OLkDg9LzBkvP//vBbPvapmh6jx+DIef1f0+72kEpyhhqXv/3b+XtoONpUGay8r/na+2gE2hQZq4yJ1trUFbe+AqWYNLMKZVLamqqzoso0UDNzKpZVdNmj589Zfo02zGmBGpqps+aYrpMmTbJdpQ1LTDxvPE1S6qnzzxv/OyIHIlGoj1cVHTTzLsEApA2xPozf+H/ae/Mo6H63wc+q33ssmTfhdwZ6yCyhuxbiQqDjG0mxlYKYy0hJcpHtkT2NZS9kr2oJGStJELZIsV3puWT+vQ5nz9+v++38zmnuWfOPc/zvO/7PnPfz/O67/vcO+cKC5PWrJ/VwtwAUZiDgnpHpF7kOwSYEpJBFKYmqeAQMBhJC1BTwCXpoRAuOAhwoKCRpADDwERFCBiWYQGYAVJbNNxZvCHcINVPiwnIEeQDwoE8QM4gAumrRl4AgS2dwVhp2mwf+NM1iXY0yNuMzc1n6qtWbc8g8o4DRBgzQIS8z4BCwBAIA6gZFKOqGs3Uq7aCeT26G0D86SkYRvIJj5QEJCigVjBaFkEtHD7QG3vElcAvjpEgv7VOkd8Ii/HG+eBcCPxaOG/8TiQvwP25Mdv3Fpy3AwGL80IKAHxkO5SF45vdHIcj8Gv4Elxx3lhCIMDLjkArAuRJkiJA+hxgR6AAJEoW+UX8BR4RwYJbDwsYDoISwQwgkp4GQgSDQXmQ+mb8pMqC8Xbx9OSAQ8B0Vl6syOHVjQuGV6o3LmfxqwWZZf2RFW+Pcu/VdAqcK/RrtxxcmEmN5I5PD3epaHE/5ij0mEd1hAF8birpTqO0S0qKq+ilHmWpRrrr+0WbdV/SqCklSeWJo6+91g/TfBbOUJviYeVQSAzKtJf2N3x1qdJJJcWUG0klzJqe9zJBkmNy10UMq/1+uHM6j6J51Lvc+UTI3e0PG610Kk6FNCq/tkw0Lv6Ye8yTYFzC0ZVELS4A2nfWHqtYu5eZUtV603Y924WGKudBqPW++SqVQ9tC/WGDKw3FIRc2SruDH+dyedupdtS9oboiCFRQRLRX8PuzRIxCoKTAvxJ6DQi9CoRmkY4mDxgWmgKEJocw2vbg57HeaUJmJ1nLjeI2OzO9//fjR/yHGIeSx/DCFG1T7GIyh/xsDVj4iT/Top09Kj2NtlMNnhAd3648KbDwZt95qesZe9oc5z/0d6moHMhTsMRuCHuqt3flj8CDhpGxu9IZ8W61G8wmHNimDz1az5gO8JtMOx4vyedsk1QUkW5wzmQ+LcKAufLOkntNoP0x26J5oZcWivIjkX31xREPhNlK/Vvz1vqXd4AP/EjqaJ4LElxGfTyQq29DxqCVtktlw2375pz1W80tqyqh4sybZx+/oYo/WZPcUqAo9fzY82v+z/wyQD1u6s0PFE6PaTBfk3fb7jYkP/6IG/b8mg6s7YCskpcRN8KxmibrzMM+S3Xdbm6rHPwQs3LUed/03AcZv6nwmwq/qfCbCn+hgj1AhBp+pgLNzgKmp6abdpc7m77ONHh+FQxIeU9+SS+ZACgSDJAogPyO5C8wCPw0ryJ1QsECsbJAsgBMZIGKhWafg48r1usIgbQbRoCerKRkoTR3dvLEeTl9dYzm7xwTAgQ+O8a11e7kzG+BPeJF6pXfVEvjH6lQHXji8cEKHfQ1uULk4JqIvL5/0zpfWqvO0fle3alHZ267G5o7Ll2C3DZ6ou8hI6zm3HhPqJpWrzrYd1inPj+e3rRFRHIh4yVCiK9XQ/i946X7nDpXzxvwXequkBG8bSAdhBtg41U5g2ZED9dLLLmoSINRmxtiejnXPcBRqes3yzHBxDW7jNDwiLjShZrEK/eVckwj2MWijIeBFdCupbtru0IbImc90Lk75VYqd5bQnHBMCHBJveiDiCxZuLPIf8OEORbTKTWA0uGcqzVIUjG14LjnYhaYXxTVZq2WTjSN9oKXyTcfF643d9l1ybhL8qSsV/geit60HoNIiFckKLspatTiCxXeA6HvABYyFERgdAANBRVpmguHU0Kh/w5UMJB9ZAGDN2FwAEpaATxkBT1sG4y1i+eeHwhvW/J28I5xipn2zivamDcALdnMAIOR0ihyS+p8YszxguKTBqIL9+qMCVn7xQg7fCsiPxYYJgaAjF51zHA8xbbQZwUtQrTudkR1rVp03Uqvt8a9wWjnaYPmktpS+rhraNM5EYn9g7xFEifmZ3N8CuNH0HG7LrrVKXk+iC4R+jj66jGWOiG6fmMcVCu3+C5ojZF5J3xGIum8prv40Wql+DFKRPtB1+76EA13l2u11bVxch0LUMagY8sPxjRHj2+MjxdurIz2ISrwj889M6lSygqSfrRrSI7WURGSHuomdGrFDhNfeqAW3W9/xiqcS3ZZ5WIGkS7rcEyFVHXm1c6CQf6qRoAzgp8VsaPOfElj7BDw7Jw4NqoZP7GYW3AvRNPbj57EGDcSY8y/MMaBIcDo03UTdGsewUmc+YVZ/RU4sgBAIo4sCTgAGkCRRVmyCBD+K659sUP/xv6PrMkaoom9f6tZ/4/ufGW5IiEb9yGPBgHB6sS26eLGu32it1BMMXWDB6XWFax52SSL4xHDrFe8xA2Dt6lrFMbuLtONRgyEJhYlU/Ts0/azm377gX4imHBFtpPwYv6ZQ+ZJaLXOZp8ac19pxyFEz/GFahbEB3s38QjfM9VFdRFT7JVnG5a3VTkenGUaVZ4TsI0pCfG5rfPswil/+z9eFvk3K8bKssqwDDm2F3PlmVw8UvSIHw0cHYs9ojtxl3sJYUrQkJmCC7sJuOuXnrtTjm7VvOppx2FQEN8fF6YWQLPnSXZ5uNDtiYXjLmUGhHpRjb2pDqz2xkAbcbGHFh80Z2Xk/4DKyi/0C2tWgdDlT8eeh4GcsaQkpGjakrCLArvjgsxWLfdefMHe7xYmB98pOvVzNJE5wSME4wC2hfw8zbXJDfhguwAVAJ2hmCEfKetKIOCVZWQw3h47Pb+O4U4MzlMG744la2Xw3jgnXwzBR0bLghRoO0kqQO/rLknzEFVAGVD6KgOQSKkvHfr7+/+sQ2fvLT0RfkigT7TZvQ9ncSSNP0wOTD/Jvle1aOZJaPAcIpDgb5K8h2MRxIY9OeR4NuvjkczU5+IS7636L22YNh6irriRM0tcvMiLs3m//Hac7mEMldo2dv7epus6e6hE7fdR7018Q9V108jrzYQes7h8jID36OGqEiyzcOLcKznqoZNeuHM05h07DPXzUVKRU5ldB0Xr6lTHbMvDaG/Kc5uE6+zZrE3MtKHMSxoOqN8XfDXXuGuhKDVFY6LTTljtabDcHuOV+23HL89UtadiWC1KilLm+xvvZ2QWXOg4Jhkl1dQ68MEDOtioVPS2146TnaHpXUdIDiMV1/BZoZelmYZq06VMogH0zVI3st1b41VJtLlMok3EV9qwSuV+og3Fr6ONJdbT2Yfg4In/njYKSBJg5OXkkZ+nNwpIEm0AsgiE5vxXfBMDRD6fKHm9tLB4V2dvfm1yJc3CWBmlqCsnrS0nB0jLy+nKfm0IZeH9mx9h4ezth8U4/yOgEjqzj7P6PHz5KPJ8E/TEE+3s8YrrqzUf63ZYQDpKEoYzOcOUkQFLSdqIybE5HZeKuhUIYVpOqe6hv6pQJf4DJepe2qKO1iTBwtBYxrbOAq4W+mH8tnXzc9HzQ0E3MWMJHtbe+TMZMdsCnKOTjSeOC8Z059ukdQe0KjnGaMWa3H2p1aWhM7E+gJx/stmARXa89ruxJFB5Vo59o51xrSby/qHMXvNy3f0CNeh9oTiq04c9fNmazir4FVU90c/WO+GXRs3y+hboxLOoumQGeu7lFN2+7Nfut/N99FbnzoeviTAbxMFCxgimE0zYseV1x3EXj0BZWI7Y0XB5BQyzpA0LRWCL71ZAfQOSotVAEnXC9WLbQfUVm8wNg6XQpIzv2IObMlZPviFXsDcyvi51ulBFQ+tuz/+JPQQfPMbh/4U9X3si/IygVH+h8E8AJZKKi0JLc0WXQaBqtQt6HtOqCPriuUnKC/SON/eIxT9E5LsK8km8v/+hYXA2W+bagnciPUGsYqnwDEinzSj1EBg2Em/b/sJ6R9rk+V1vh8ECrRTNExo2qKMf928TqFjkek5RYAty5fQPWn1XXZsr2G4pGf0gOvW+VI/yYWWqIDaHZYg4Wzra866bzCoQUGzz/LXb6vVE6yT5d7eV6FSJnLvvhZwWd4PY8O32oL01X6ouf2zmaqBbTC+N4KT9Ki0jc6GAPWtRXbt8f+PHi/0HwHLwYy7lcalva8cz2/3eLJdzGxrt5rSp0S0wbCs0TNR8Jla8ZqF+vgMTJJLcmXxHIW2tOOM3oH4D6jegfgPqXwIoRjfaSyZNIJECpiEdvv3HjmT9iKlfUx1SANBIBYD8DwZFMp3QJPEXVIf+As5/4s1TRa/1kjZNg6Mcbff01Cya3hew3pRC1TKbmLeFzarJDugjz4lXJTiN8ZmG37y1tzcYvjrv2xDTeq2vGIt3CRBzmaqqno+40T2X/5E5m9ZGUELm/u4Ba9h2v+ueTp4GlkPDb0ca08NaQ0aDDSGKictNaVTWvK57ugea/OxkTlSJwCqtbd24MZshQapzfTARI7Q/gfLgLbsnkYpSvu3007xo6iC/jcseXsfGXqvFJ6cdpT+8w4TD0R6V9iDMWFLQzlUnZkQmnNG0fO06V6zHnMgfLKudjP0R9EtEPx+FuxeOZXXZU7yGl0bKVq8m2oZrhO+PSPQq5ZPS68Klao25TQWLxrl/5g0RLE46IsI/z9B/RX2IkYL6y31bNjC56APaQs+fwpHzzw1YITA6XhqQBcgX5AjSAml8Xzv6S+HpJ4BKNGJC3goyrWWKy3SgBNOfwevEzvtY1qtTw6U3a8wsIrhn0QnVV6xpR85UqWzvXS/Mba8uMxPYjqPCnnSHZgnqznpUegYJ1ug+DF+MZWigPK3QPHPyFf6gTvq5B133huOaxht3dAe9bi9G9UXd6MTcUejlEGj0G1FJqdjukyYQ/aSyktnyzFLqLWeDFHHRVPvTDCqtLM4BerX3i8KUTUod948Ar16heZ6dWhhEh66xCJxxCsFQwJIWUiBaMsd1o29uQgac1wxGBqGE8xVwL7quy0/FHYL03rKnMgkoQbijCilaklA1L3bftdhVn3dqZMpFMXZJMCm1q9Tf0kz5sbd2udAKkgjLI0HqKgQMBkKjfmHZ6Lti1rdb8xmhjwDWP8dbHIykhJJGjtSIHAVfBpMaiqTb+jQAyZtvEi2SHthqZQOEvm0IQ5JibH7x8eZVLhnCK48cX8HTB03KHnaXAIe2bEKHNAWMM4RDBEEaIG8QFuQA8gDxg4xJa2/SggP5kyTNTw8YOGWKhgj/7YmVEIjHHfF2wLsG8v8ANhgRDBJPe82TbzOMdBT1Wu4u7Vhf6nvHY79e2ILjiom86h7xAn32HB1MLAQIUZ/Bt9A4rQlGhRBgBRJ731UvIKPawYyeJQMiLc1ZNyiNnh4YlU4WX7jFAxebDkPyqQ3kUjuNec6+eBmBoBRKHCmjf6TxaI+SxYYhqnYUCs1/9SYrVYmXpsDDoGDk/cIOqxI++qtVicfGxFAsA2VUkrj4B0m9HDxiCa1sM/B+4huPmF3BCSzoiMfvp08r7eQIXATVd2rOnRo7PEM766fZ+orNi8p4FpPwKij7JS0sTZ+zonrBPa3bhDL+jXpJfs3csw5ZgMvp9ribB7evu/fcRthTyfN+hszx/ZlECB9AhGz/NjoUSCKEjqSi+p8H54/nou8uLSi/BGfGQYBjawzSfntsBUza558WOJKBdJJVAmQ/zfkV5JQO/CUE7xTHJE4G5HrveR73KHmW7bZ/jovSD7QihwhqfLu/3sq8ntmUkMT6hZcPVaKLWnLWeqwey6ndixymUf9oJvACueBsKhserGARXnn8ArON8u7L1zNjJssksg7Kc3cgMGLCrS+c02SSLbOGZBbbNzddwptNW2233zl4bh3eU0YdUN40U+kSxJtWlD3dQLvfQ/uFNuIUolwAOs/+xBp/NrRB0YQaI1SkaGAZNBHpOKjTlvduwV7cIk9OZuF2Q9a0Vg5fDdpuef/e62yXps1aUNTnbI0W6WH9jAmHdTiPRK5le/VOW8xIewYsMRgqTGZ26T/VnJFio/ALNIBQTJRdi7YTCjSI5ggQhMeNDpxR3H84C0WX6tLSMFV9YEpljdr+PyLJNiIKZW5kc3RyZWFtCmVuZG9iagoxMSAwIG9iago8PAovQmFzZUZvbnQgL0NJREZvbnQrRjEKL0Rlc2NlbmRhbnRGb250cyBbIDw8Ci9CYXNlRm9udCAvQ0lERm9udCtGMQovQ0lEU3lzdGVtSW5mbyA8PAovT3JkZXJpbmcgNCAwIFIKL1JlZ2lzdHJ5IDUgMCBSCi9TdXBwbGVtZW50IDAKPj4KL0NJRFRvR0lETWFwIC9JZGVudGl0eQovRm9udERlc2NyaXB0b3IgPDwKL0FzY2VudCA5MzIKL0NhcEhlaWdodCA2OTkKL0Rlc2NlbnQgLTIxMAovRmxhZ3MgNgovRm9udEJCb3ggNiAwIFIKL0ZvbnRGaWxlMiA4IDAgUgovRm9udE5hbWUgL0NJREZvbnQrRjEKL0l0YWxpY0FuZ2xlIDAKL1N0ZW1WIDcgMCBSCi9UeXBlIC9Gb250RGVzY3JpcHRvcgo+PgovU3VidHlwZSAvQ0lERm9udFR5cGUyCi9UeXBlIC9Gb250Ci9XIDkgMCBSCj4+IF0KL0VuY29kaW5nIC9JZGVudGl0eS1ICi9TdWJ0eXBlIC9UeXBlMAovVG9Vbmljb2RlIDEwIDAgUgovVHlwZSAvRm9udAo+PgplbmRvYmoKMTIgMCBvYmoKKElkZW50aXR5KQplbmRvYmoKMTMgMCBvYmoKKEFkb2JlKQplbmRvYmoKMTYgMCBvYmoKPDwKL0ZpbHRlciAvRmxhdGVEZWNvZGUKL0xlbmd0aCA2ODk3OQovTGVuZ3RoMSAzNDI5NzYKL1R5cGUgL1N0cmVhbQo+PgpzdHJlYW0KeJzsfQlgVMX9/3fmvb3P3Hf2hVyQg4QkJByRbMgBMRwxCZCoSEKykEBIQg4OD8ALEa3iUTyrqBUtVl0SigGx4lnrSetFrW1pxbNSjyL1p5L9f2f27SaL0UpLW/gzn5f3ne/M+37n+M7M98287L4FAgBRSGTYVFpTMS3xt+RL0MSbAeJ2TCstK9fFG38F9OYMAKl6WtXsmsc+uy0N6G3rgAzmTKuZMzWpYfR0kG/ZAXDp/jNrasuXpbVqQRN3NeYaP6O2ZvrP5pecBTC1EyDottk1WTlhK9YmAdBIvN5QVTKj1vF48TSgNx3GeP7c0pl1czWdawFqsfygG5uWNXa+u/iZ3wI1T0cd2rSiR/E89SDKp1wGoGtY1Ll42e7UoK1ArTMAtFMWN3Z3QhAYML+DmJ99cdvqRa9K628AmonxcGtL87JVax5/bQqAawuQrfe3uBqb//rjpfcCkNtZ+S2YELwmYizGX8N4UsuynlX3fWMow7JXARR9udTV1Q4xnl1AF2MbILKto6nxAY97E9ASrH9i9rLGVZ1Rs4I3oP6XeF1Z5upplLZoGtEeP2ftbW9c5oKjjU+jfiFA9obOju4eTxq8ifV9msl3drk6pdn5DwENRfsFfcH7RgdQdlnvwwtshV/oo/TAcPc7hXEsfOOyd2O++uqbo3bQd6GsgcszYKibMjgLSuzw1VdfnW8H/xUVVhdLCboJxgOFDDwp2CEL5qJeJS+XgCS9RveABvSaWzW5mEGMN5R+A4tosF5DTTqZMsgHYKxnL6w6B7M1sLxrZ5YooMAopVPz6uBZJFc3hfQ5gXg8HhxkKZrdrKUQplWrRCcO1Up6ATrhX4DcDXPxvBvPXDxnwr8Jza/gxn8mo90G142gtxlOAOR3oPZf0ZPi4AoQEPgPg26Dc/CMwnM0CAgICAgICJw2IJs9u+EUgfzeqVNXAQEBgf8lCHh26/G0g+dREBAQEBAQEBAQEBAQEBAQEBAQEBAQEBAQEBAQEBAQEBAQEDgtMXgATnLI98C50mookjfAdLkGpnynXAfMlS6GyfLFUIjn3B+StyHtxHwXygf5M7j5n8loR39bRj7yz/UEBP5/At0G44/nO1pMHgQEBAQEBP6jCLpJRwh/r8EwaBHHCo7yMSsYSfhWRoEpiXCyYoSmCZxOID9cdAwInCgQQkBAQEBAQEBA4JTGD17OkFS7Kps1fBEU9X15kuMq4WQEGdZWsfITEDh+SCCxaUQ0kkQoTqdIzcemvfCl3gN60HsGwQAGpEYwIjWByXMUzGBGagELUiunNrB6vgE72JAGcRoMQUhDIBhpKIR4voYwTsMhDGkEhCONhAjPV+iiIpFGcxoDUZ7/g1iIRhoHMUjjIRapA+KQKhCPNAEcSEeB4vkSEpH+A5JgFNJkSESaAklIUzkdDclIx0AK0jRI9RyBdBjt+QIyOM2ENKRjIR1pFmQgzYZMpOM4zYEsz2HIhWykeTAO6Xikf4d8yEFaALlIJ0Ae0okwHukkpJ/DZChAWggTkJ4BE5FOQfoZFMEkpE4oRFoMZ3g+hakwBWkJp6VQhLQMnEjLoRjpNE6nQ4nnE6iAUs/f4EwoQ1oJ5UhncDoTpiGdBRVIZ8OZSKugEulZSD+GapjhOQQ1MBNpLcxCOofTuVCFdB6chbQOqlGyHmqQns3pOVCL9FyY6/krzId5SM/jdAHUIW2Aes9H0AhnI10I5yBt4rQZ5iN1wXlIF8ECz4ewmNMWaPB8AK3QiHQJNCFdCs1I2zhdBi6k7bAIaQcs9rwPndCCdDm0Iu2CJZ73oBuWIu2BNqS9nK6AZUhXQrvnXVgFnUhXw3Kk53N6AXQhvRC6PQfhIuhBuobTtbDC8w6sg5VIL4ZVSC+B1Ugv5fQyOB/p5XCB5y+wHi5CegXSP8MGWIP0SliLdCOsQ3oVXIz0ak5/BJcivQYu8xyAa+FypJtgPdLrOL0ervD8CW6ADUhvhI1If4z0j7AZrkJ6E1yNKTfDj5DeAtcgvZXT22AT0tvhOqQ/ges9f4A7OL0TbkC6BW5EehdsRno33IT53MPpT+FmTLkXbkG6FW5Feh/St+F+uN3ze/gZ/AT5bXAH0gfgTqQ/R/p7eBC2IH0I7kL6MNyD1A0/Rbqd0z641/MW9MNWpDvgPs/v4Bec7oSfIX0EtiEdgAeQ7oKfI92NdD88Cg8i3QMPIX0M3J434ZecPg7bke6FPqRPQD/SJ2EH0qeQvgFPw06kz8AjSJ+FAaS/4vQ52OV5HX4Nu5E+D48ifQEe87wGL3L6EvwS6cvwONJXYC/SffAE0t/Ak55X4bfwFNJX4WnPb+E1eAbp65xiCUjfhF8h3Q+/Rvo7eB7pW0h/A7+HF5C+DS8i/QO85NkHf+T0T/AK0gOwD+mf4TdI/wK/9bwC73B6EF5F+i68hvQ9eAPp+5x+AG96XoYPYT/Sj+B3npfgr/AW0o/h90gPwdtI/wZ/QPoJ/BHpp/AnpJ8hfRE+hwNI/w5/9rwAh+EdpF9wegQOIv0HvIv0S3gP6f/B+57n4Sv4AOnX8CHSb+AjpEfhr0gHkf4aPPAxUuHTR/Lph7lPP8x9+uFv+fS/c5/+92/59M+5T/+c+/TPuU//jPv0z7hP/4z79M+4T//sWz79U+7TP+E+/RPu0z/hPv0T7tM/4T79E+7TP+E+/RPu0w8Jn/4v+fR3/m2f/mfu0//MffoB7tMPcJ9+gPv0P3Gf/ifh0/8Fn77nFPbpLwmf/h/16Ue4Tz/CffoR7tOPcJ9+hPv0I8Kn/3/n098RPl34dOHTAdDjQtDtpnA9SACagKc1I31qxv+5GmNA7NvXOTRwskKWZRA4jUF/uKgOBE4UiCkcBAQEBAQEBAROD2g1vt3UEIewjCDqX3DqA2KnIuRhGy2x4xIQOG6YIw3s2Uzgoxgd4lhBvY8xBsSGdAJi4tmMwEkK8WzmfwJqjgQBAQEBAQEBgdMDOo1O6+eGlpTWkUR9jCEgdipCPJsREPi3YIk2sqnzz5/NGHyMKSDmR+DTGvFsRuAkhfTDRfUgcKJALdEgICAgICAgIHB6QK/17aZ02mH7KttIoj7mO/4BfgpBPJsREPi3YIs3sakT+ChGjzhW0ORjLAExPwKf1py8b9vVaE7e50YC/wUcx7MZAwicKFBbPAgICAgICAgInB4w6AzqbkqvG7avChpJ1MeYA2KnIjTDNlpixyUgcNywK2b2bCbwUYwBcayg2cdYAmJ+GANi4tmMwEmK43g2YwSBEwVqV0BAQEBAQEBA4PSAQefbTQ1xiOARRP0LTnNA7FSEeDYjIPBvIWiUhU2dE/1s5uT9qqT4Be3THOLZzP8ENGgUCAgICAgICAicHjDqjP5nM8ahJWXICKL/7MsJpxCG/56M2HEJCBw3QlKs7NlM4KMYE+JYQf+rq/hn8b79kvHApzUn71clxbOZ0xzH8eVXMwicKNCQFBAQEBAQEBAQOD1g0puMfm5oXzXSz1b6F5y2gNipCPFsRkDg30JYmp1NncBPCJgRxwr6X10VFBDzI/Bpzcn7bGaE1xwLnE44jmczFhA4UZDC0kBAQEBAQEBA4PSA2WA2+bmhfdVIP1vpX3DaA2KnIob/nozYcQkIHDcis4PZ1An8mIwFcayg/9VVYQExPwKf1py8r7Ea4TXHAqcTjuPLrzYQOFGQIrNBQEBAQEBAQOD0gNVoVXdTFpN16JezY0cQ9S84gwNipyKG/56M2HEJCBw3YvJD2dQJfBRjQxwrGOpjwgJifgQ+rTl5vyo5wqt0BE4nHMezmSAQOFGQYvJBQEBAQEBAQOD0gN3s203ZzMP2VY4RRP/ZP8BPIQx/Z6nYcQkIHDfiJoWzZzPWgEQ74ljBMB8TFRDzI/C14yfvsxmjUbzh9bTGcXz5NRgEThTkuEkgICAgICAgIHB6IMji203ZLcP2VQkjiPoXnOEBsVMRxmEbLbHjEhA4bijOSPZYM/BjMsGIYwUjfEwMI99+kVXga8dP3q9KjvCaY4HTCcfxbCYUBE4UZMUJAgICAgICAgKnB0KsweonYIKtw/ZVySOI+hecUQGxUxHDf09G7LgEBI4bCVOj2LOZwI/JfO+zmThGvv0iq0BHIp7NCJykOI4Xk4lnMycOcsJUEBAQEBAQEBA4PRBiDVF3U8HWkKF/YY/0s5Xi2YyAgIAXyWfGso+cBT6KCUMcKxjjYxwBMT8iAmJWOFkxwk9QCZxOOI5nMxEgcKKgST4TBAQEBAQEBAROD4TZw0L93NC+aqSfrfQvOGMDYqcihv/Wr9hxCQgcN9JqFTZ1Ah/RRiCOFYz3MYkBMT+iA2J2OFlhtZ68z40E/gs4jpfGR4PAiYImrRYEBAQEBAQEBE4PRAZHqrupiODIoS8cjPSzlf4FpxIQOxVhHbbREjsuAYHjxthzE9kXkALfHxONOFbQ/+qq5ICYH4E/CXfyvsZqhJ+gEjidcBwvjY8FgRMF7dhzQUBAQEBAQEDg9EBMaHSUl4sOHbavGj+CqH/Byf8BHgenMIb/1q/YcQkIHDdymlPYY83A98fEIo4VTPIxYwJifgT+JFwInKwIChK/jHxa4zheGu8AgRMFbU4zCAgICAgICAicHogLj1VfAREbPmxfNXEEUf+CMyUgdioiaNhGS+y4BASOG/ltY9hjzcCPycQjjhVM9TGZATE/Aj9JEwYnK0Z4zbHA6YTjeDFZAgicKOjy20BAQEBAQEBA4PSAI8KhfgImPnLYvmrKCKL+BWdaQOxUxPDfkxE7LgGB48akngz2cpjAj8koiGMF/a+uGhcQ8yMxIHbyvsYqJOTk/UyPwH8Bx/FisiQQOFHQTeoBAQEBAQEBAYHTA6OiEtRPwChRCUPPW0b62Ur/gjMzIHYqImTYRkvsuAQEjhsl63PY1Al8FJOMOFbQ/+qqiQExP8YExE7e11iFh4eDwGmM4/h59zEgcKKgL1kPAgICAgICAgKnB1LjUtSnLMlxKUO/nD1zBFH/gjOPkTQ4hRE+bKMldlwCAseNys0T2BeQAh/RpiGOFcz3MUUBMT/GBsRO3tdYRUVFgcBpjON4MdlYEDhRMFRuBgEBAQEBAQGB0wPpCWnqM5e0hGH7qrkjiPoXnJMYyYJTGFHDNlpixyUgcNyo2TqFfQEp8P0xYxHHChb6mGkBMT9yA2IKnKwY4TXHAqcTjuPn3XNB4ETBWLMVBAQEBAQEBAROD2QnZWV6ubFJWUPPWxaMIOpfcDoDYqcihv+ejNhxCQgcN84dKGNfQMoISMxFHCvo/3rkzICYHxMCYifvVyUdDvHrO6c1juPFZBNA4ETBfO4ACAgICAgICAicHhg/Oi/Hy+WOzsvzJ7eOIOr/7aZpAbFTEY5hGy2x4xIQOG40P1fJHmsGfnxuAuJYwek+piYg5scZAbFUOFmRkCB+fee0RugPFz0DBE4ULM3PgYCAgICAgIDA6YFJ6RPVV0AUZAzbV3WPIOr/7aaZAbFTEQnDNlpixyUg8K9AUs9YIDx+NcaQI9eDDJ0YjwQ7puhhFORCKXqNamiGLuiHXVqn0unxoMQoyB52pc93xfPO8ANdTf437kN/V0sZEUQL/suEUgB6rAAjmoCkkNCwb71ryv9oiL+zePy3ypkWEJsDJxX+61Z3Tp1T6yyackbh5EkTJxSMz8vNGZedNTYzIz1tzOjUlOSkxFEJiiM+LjYmOioyIjwsNCQ4yG6zWswmo0Gv02pkiRLIKEssb1DcKQ1uOSVx+vRMFk9sxITGYQkNbgWTygNl3EoDF1MCJZ0ouegYSadX0umXJHalEAozM5SyRMX9UmmiMkDOPqsO+R+VJtYr7kOcn8n5TZy3IJ+QgApKWWRLqeImDUqZu3xFy8ayhlLMbrvJWJJY4jJmZsB2owlZE3LuiMTO7SRiCuEMjSibtJ2C3oKVckcnlpa5oxJLWQ3cUnJZY7O76qy6stKYhIT6zAw3KWlKXOiGxKluWzoXgRJejFtb4tbxYpRW1hq4StmesXfj1QN2WNiQbm5ObG48t84tNdazMoLSsdxSd8T5ByOHoph5cEndFcOvxkgbyyJbFRbduPEKxb33rLrhVxMYra/HPFCXJpc3bCzHoq9GI1bWKFgavby+zk0uxyIV1hLWKm/7XIllLKVhieI2JE5NbNm4pAG7JnqjG6pXJ/RFRzt3eQ5AdJmysbYuMcFdFJNY31gauz0UNlav7o9yKlGBVzIzttuDvIbdbrWpjNkynHH5r3GOizOustpvWcJqlFiBA8KtNClYk7pEbNMERlwTYGPThBi2NEioJ6jlbsYeaXUbSho22iexdKbv1iTbE5WNXwCOgMRDHwemNKop2mT7F8BYNk78Qw2v+3h3ero7LY0NEV0J9inWcQqPj8/MWDFA8xM77QoGaD6oQts21k/KQvMnJLAOvmrACQsx4l53Vp03rsDCmD5wZqXXu2kDu7LXdyVsDruyznfFr96QiCN5B5/ZYW59iv/PZg8PKWuZ5Cbh33PZ5b1eWZNYedbZdUrZxgbVtpW1ATHv9Qn+ayrnDimpk2KoytEYiV/FQXmuX5hF6sxuORn/tHxQN7slHJQ8gSjlbnvDdC+tNyYkfKfOgE4/TGnA8ynT4sGQmlpL96T0wPjkgHhA7cwbJayvnEIra8/euNEYcK0cHdDGjeWJSvnGho2NA551CxMVe+LGXfQ+et/GzrIGX4cOeHZfFeMuv7oeG9FCJuFgpTB1eyLZcNZ2J9lQc3bdLjuAsqG2ro8SWtIwtX57El6r26Wgz+WplKWyRBZRWAQqCY7zPqrn8jG7nADr+FWZJ/B40wABnqb3pRFoGqDeNLu3oBRekBNvoE0DsveK0yctY5rem7bOKz1aldbjFTu7shvQpwO/6AVzGiW1dcOHA59j9ZkAxWaolR5mBx0PceCQHpIehEIMH+zXxjnWFVukn8PDeFKwI1Xw3IKnBE7p5/06S45zAMPgUB72hafn7PLsRWZSLk/PvDFn3R7pAVgAuZj8QN8clvxAv7M0h4e5k71h1jge9um9l3WhOY7iaFTLwpOCTeVm43ktnnfi+TieWqzQA/AnPD14StL90t195Q7M4V7MyFYcKt2LlnUifQVPD54S1v5ebMu98ImaImOt7uk3mFnx93CtGOke1LIhteO5Ds+H8XwFTw10IL0TTw+eEnJ347W7gUp3S3f12R32YqN0B6zFk0q3go0QcGDuN/fbuW1u6beF5DiL7dKPoQpPCm5pJuzFk2K216HadUBRvLIvcxw3YWW/0ZpjR/mrsNJXYUWuwiK3ICU87sSTyV/VHxLOsr+0zxbE9S7oy87zMv32yJwqtMIqIJJLaodE7NI1GMZj2IQh6+qFUjNYeD2d/TZ7zjosrwjFi6QwGIOXi6VwyMGwVIqGGC7W22f1ltPbNzotB1tcIkVyEZtkgTwM9ZKuL8ehPCo5ufE39BtMrH4b+uxhOY9Jl0s6CEWpdSgV4bA9JhmxZ428JbX9BkvOpmKzVIvNrEWzOLCOBK3czjNq78OMioOkMikWwvHaUikOwjAsl+J5eJ90F5Rj+JP+lFjH3kelG7jW9SxTLH6Kd2hN6bdYc/YWG6QpeNUtXYMdcA0vfFN/yoQcKE6RRkM2nhRtvBa5tXzQb0RuI/baRuypjdhTG7FSG3H0gXQlXrkSZbKk86FTWgmb8LwTeTaswvrQoLs4kzQ6Z5cUJUWiYeyPoikJpkb3G6ysZpF9wSFcLLLfbM0pekzqxnHejXk6pZ7+iMicjkelNN6UjP7IGKbQ2YfD9TEpwts1qBjOuuQxKRYNwQwTJ8X3hTncxQ6Ms4HswKX483QfMxJ9lb7Oupu+gnEWvqCGL6nhy97Qs5fu804K+lsWHiiOpe9iZgvoH+BO5Ch9lD6Fy1cHfYsOsFrQ39FdUIThfow3Y7gLw1wMd/clPOcYoAP9GGDdb+uzhLPG0qf60rNUxpGsMhExKhMcnlOcTJ+kT+CexkHfxDAJwyfoXlwzO+jjGEZiuJf2wHMY/gK91mQMd6jh03QPG+L0EboTJmDY32dlVXD36VjwcJ+WBQ/1gTdWleXYQx+iD0A0ij7YlxKNqff3pyQ5bI9ifoTeS3v64hzBxUZ6F6kjh1FoC+xnIQTTu/sKWCab+vYojl10E93kjCxwJjsznVul7OTszOytkpKsZCoFylal2E6vQQdyJ8X5S69CWgAKxdGDpxPPTfTKPrnAXXwU28TaRWEd0i2ca0DayTlAavdf/ZRzRfRymI0nxTzW4LkWz3V4Xoy3iU30fDwvwPNCPC/iKT149uK5Er1JJ2p0okYnanRyjU7U6ESNTtTo5BqdvPRePJlGA2o0oEYDajRwjQbUaECNBtRo4Bqsvg2o0cA1qlCjCjWqUKOKa1ShRhVqVKFGFdeoQo0q1KjiGk7UcKKGEzWcXMOJGk7UcKKGk2s4UcOJGk6ukY0a2aiRjRrZXCMbNbJRIxs1srlGNmpko0Y211BQQ0ENBTUUrqGghoIaCmooXENBDQU1FK5hRw07athRw8417KhhRw07ati5hp33Ty+eTOMAahxAjQOocYBrHECNA6hxADUOcI0DqHEANQ7QldulfcXPoMo+VNmHKvu4yj5U2Ycq+1BlH1fZhyr7UGWf2vQebgyKw2YNnmvxXIcn092LuntRdy/q7uW6e/nw6sWT6bpRw40abtRwcw03arhRw40abq7hRg03ari5xhbU2IIaW1BjC9fYghpbUGMLamzhGlv4wO3Fk2kc/6A87q6hF5M6Pd5r6Toyhodr4WMeroH9PLwItvPwQtjKwwvgEh6eDwU8XAkpPMT8eNgDDj3pcxTYisPRBczGcwGeHXjeiSdbJD2Op45zr+D5Jzw9dLxzlGzTzdbdqXtY97hO87DugI7atLO1d2of1j6u1TysPaClSnEMtXA/iq4FruV0LdJP8MSbCNIizhXRPCw3D/3seDzyaJ4z6JDySRp5JY08nkYeTiPXppFiA51GZO7pFCjA5Z6D1DnNKVMc+/EsSEmdgp7pmp0fRzj6UvIdA2SPNxjjTMfwYzy347kVz0vwLMAzB89MPJPxdPC0NJSvc45Ss9yDZyqeCXgqrAjgLwsPDtI7d1EL2dr/jAUMrJzU0aj3aF9qNgYDfamzMXikL3Who9hAdkIqWxWRX2DPPYDhw32Og3j5QW/w8z7Hoxjc3+fIw2B+X+pYDM7pS33JUWwhc8AhM9VaNazBdrOwus8xF8XO6nOMwSC9LzWFSadhQcl4dQypg4MYJqtaSd6SEvsckzEY1eeYyKT1kMo6nmghk1dPgycLpX6s0Ce7SJ1MnCbHIccNjo9R/a9oWBwev1MGZAxeSR4gc51Gx57MO1C42NFXbGTyeH/YroZuFv7CsTX5SsdtmBdJ3um4xTHWcU3mgB6Tf4T1vpIX0ee4BLebDzhDHOsc2Y6ezIOObseZjkZHtWN+Mqb3Oc517GHVhHpSRx/Y6ajCDCuwFcl9jmnJA7yK5Y7VDqcj1TFR2cPsCxO8+RZk7mEWgBxv6Rlo37TkATbG5xQMkCBnmu5T3SbdObqpusm6RN0oXbwuTheqD9bb9Va9WW/U6/VavaynetCHDngOONPZc7xQrZ0FWplRmfN2yih75Mf2HkRP4Uxwh0iVtLJmKql0722CyoWK+0hN4gAx4m5OkziVuIMrobJ2qntCeuWAzlPtLkivdOuqzqnbTsg19Zjqphtws1RbN0A8LOnyGPbYZDuBy38UswsIibr8R/X1EBm+oiiyKHhK0MTy0hFIg0rThxA5nI1zb66sqXNvi6t35zDGE1df6b6YPVTZRW3UUla6i1pZUF+3S+6ktrJqli53ltaj2EEuhqPZimKQygIU008FhYmhP5nKxLCPvHIpqI5yCSxAOaMFUrhcitHC5WTC5LbvV8pKtysKl0kG2M9l9ifDMBkcMahbuj0lhUslKqSOSZG6RIVXbAzPyOFAkUwHFyG4ruMZOQgvzJ01JJKsioz3i4znZUlkSMbhlQkd7ZMJHY0y6f8mXFPTSf+43jVPsedUDYllLjwb3FetaIl0r1uoKNvX9KoPsFIaFja1sLDR5e5NdJW61ySWKtvHPTXC5afY5XGJpdvhqbLauu1POV2lfeOc48oSG0vr+4sK64oDyrrSX1Zd4QiZFbLM6lhZRcUjXC5ml4tYWcWsrGJWVpGziJdV1srGfVXddj1MrS851xv2U5MRx3BDTEL91HB75xQ2oHdNTohcE7NbBnI/mNLr3ebEqW4LnuxSZnFmMbuE84xdsrKHkeqlyDWTE2J2k/vVS3ZMDkqcCj7TAhOqdI8/q9KdUHN2HRsqbmfjyH3WzcAvR0JZayn+YbyHn3gMl4TuEdEzEnp7e7sZ6U3vBqh0p9VUuvPPwprodFhUQ2k9po31pUkST9tuMJQNePbixXSsBOlhxTEunaSjBZ1G3HXp6BbtFh1lW4We/ui4nI7H8A6+Fk/cx9GVfVl8+0xX9o9KZvuXnv6s8d4Qt6ss7ItOyMES+gtQlYXJ3tAZlInMpuRNmZsKtiRvydxSoMXUnVsx0bGV3Ur7srZK0JPe7TMEsj31aGysFivvrr7YOF7wFsakp9endxNur28bm/iM3jNkfjXk2ff4OsSb3q1mgj3hLb3Xp9arKvGLvVzJm4k35idD6OllWTF7opfW7IZYft4HsXIK+4iv56DvHGz1HGTXWEg/Qo8e5z1V9MHP4U0ymijQT76CCPiSRJFxUIGj9B+4hHsYjsKPcZtfC5tJMO7dwmEOVBAZZdLhanKbZ4XnQzgDroe7PY+QSzzb8Pq18Cx8iTX4I94xC2AWys8BF3wovQv1nltBD1eACfd21SQcGuENPL7AOtwAN8IvyYWeL7HUULgE8yuEYij2POH5BtLganmTZr/hF3AdPEq0niZPK66URsFGmu55w/MnSIF6uAd+jnVKJ3vl6ZAAS+FyuJlESc8i92P4KQwSM50vlWgex5IqYC60w0rYCNvgeRJMqjT7NZ96LvC8j6MxBEZjnVrhQzKezKT3ymbPFM9bcA7sguewvezYK58j36c5Z7DI8xPPk7gLf4QYyR7yhCZHc83Riz13eR4CM9ZnHFpkFpazEC6FJ+DX8Bl8Ttd61sJ0qMGSnyFxRCEpaPE3aBRdQ9dIr8JYbO18rG0v3Alu7JHd8Cg8hrb5PRyAd0koiSFnkoXkOvI5NdNm+op0m7RDek0m8s/Q3omQjDbqgXthJ7wIL8ErRIP5Z5MqsoR0kJvIT8gB6qYf03/IevlS+Wv5qCZl8MDg155Zni9w7x0NM+B8WIu2vQf6YQe8DK/D5/B3OELsZAJpIXcRNzlAPqYGOorOpp10M+6iH5RmSddJT8jj5anyUvkl+S3Nes1Vukbd4DdbB28YfHDwN55HPL/BsWPF/FOgHC16MY6Ke+FxeBVz/x38Af7Cxg/mP5mcTc7DUrrJBnIjeZA8Q35DPsJWAj9G0cm0FEvtoF1op0voDfRGLP0V9sSDvkX/QP9Kv5A00igpX1ou3SW5pQFpn/SebJdT5LHyOHm2fLbswZ7J0UzT1Gju1zygeVLzqbZQ26zt1H6gu0R3mf7Fo2lH/zgIgy2D7sF+HLt6HEnnoyXugLtx3O/APngeLfoy1vgAHMZeiCYJJBXrPZGUk0oyk8wj5xIXuYRcQa4nN5PbyN3kIWwBtoHqsO7ptJjW0EbqopfRK+iP6A48dtNf0zfofnoIax4hJUrp0jipQjpbOkdqxzb0SGuky9Cy10nbpFekV6X3pQ+kQ9hrEXK83CufL98i3yfvkH+jmaFZhsfdmsc1ezW/0Xyj+UZLtdHaWG2Wdon2fu1fdFpdvq5Kd6XuNd3f9Z0klqRhzQPebEmjcA7G0200VF5LDmFCHO4+bNjydOyHGpwVf4ciaRD7xcquY93CaJTMf+FZ65Td7NkFeRTGk2dgrZZKuECUD0AfeZsekJ+iZ8DrpIFEyfdJ7ZrnaQI8gN5oE91DHyVTYQctpHPp7RKQd/Hu+C6O91VwI1lKuuEBcohMIheRArIWXqPhUg25DAo9d1OZGEgF+RSwBnCx3Aznff+/a8lEeBs+HLxDtsgXon8agM3Yoz+HP5GfwVdE4/kYvZuE3qgRvczVON4vB+b15uM8W4vzMQo9SJv2FdjB/vOtK9BOkc+HT+H/4EPNbhxRU9GTvj/YKt8hv+Mp8GTiDMNZBvfjvGuBaThj3sVR8hjGWexcnOlG9CU5OKur4GxohovQ613ncXtu91zqWe3pgBdQ9yuSQb4iW3BGDKBGITyHx7XwO3IVzsNp8C9hsBn2wkckkiSTHJwPhzQrNJs02zQ7NL/UvKQdh9a+DG7DEf0XHM1GbEET/AY+gn8QPfZNFGRAHtZ3Ata9DtpovfQYlJBo6MQ5Oxr9+FS1Jd2YyyVovdtxPj+Gc+NT9BPnwi9hP6EkAlvUhOXrMZ9KtPMClN6KPXgp6ceUZvTaafBXbLeVTMCNeQY4MafN6LX2Yp3ehvfQ2h5erwz0C6VkLub1D5gHzVhCPlSR7dgDO2EietZS6UW0dxKxw1QyivwU9RpwhlohDiZq3iEUMgZneSbQVukxvMd4MH0L3r1i4AyyHGthw3YchTAyG8YPVmMdXiWS7Ca/5bW4hbo8V0grB9vgBfgZ9olTXqErlbvky+Wv+f9gQMM+7yCBDqbuoGRQqxugRc4Q0MiDEhh18iCBKL1WM0ilPSQFDOg4IyEy3X6k8GjhLPvhwplHC6EIefs3SMZlJwQlBCUjwR0XfKNIe79xauBrUOS97JMWndJ2yYX3bA3O06XOvCs0V5iOaI6YZK1Ga3JpXKYVmhUmLWgkojUZ9ToN5iGZDuv1EugVuzHLWGSUjAPkAqdRUhz8XiCRAbq533xvCavP/ENH5x/FqtgPBUVMJEHBEyeyc1w26VoeIo1PCJNyOb13PMkZe5gRaTsJ+vLLwU+8lNVvrud92arZi7ZV4AZn5SrjBuN9ZJtum+E+6yOG5wz6uUH14fXRcx2Lg1rCW6IXO/QT6URtviHfUkErtGWGcst9hhfor7VPG562/I7+Xvua4TVLkD1SiaSRbPmWHByeF7lVb3HYsmzU5sSYbSto4vbPxjte9KjQ/aaohFefjExHo848NMt+ZPnMQ1B0KH05O7EV82H+fJITER5k12kTR0GQvSA/YpRWpw2yh4fn5uQX5AfZU1Jozuurrt208vU3Br9CmlsVHpc3O9cbaPbevGNwwWDDzs3oeraSO3Zu/rC4dtkg4glncW0bjnP6RDFui+/GoZCCNjDAXKdhKb2AXkUlKg+QMf0LNEQzQM97RG/AnjEbcNVShzYjdL7TogHZISuyW5blKONuch/Of96Q+YUz2TjBXikqPDz/EPYGzE9ICNLqxucnFeRKKYPv3/qbdkKzD8qJm8o8Sb9ezzbmueh5zViDOFLkXPCLyJ3Ru2Kel38VuS9yX9S+aH1JTElsSdzcqNvkH0duk7fG6rXRCozWFkRPl0siS6JKovVJkUlRSdFSeIo8V94QeXvM7bG3x22L3RanD4Y4e5wSNy5uRdxlcZvi3ojTx7F+CQ8Ny4ujdrMtzo79ThXIxiksAVt5Yx/BAL2rnxKzjT1ESXSYs8zUzPrOvDVEY9gfHo5TjkC0w7bfvpJGxfs68DDvwcLCmXbsxKPpyw/iFEmfv7wQhyQJyk2fz5bkEOfZ2xc0kdWhz8YDp9U+UdbbJ2r0QRgGTfSuiOu3a9k/Rp0mQ0xUDI0JIeyehRnh3/x6NjIqz6p7DGI8ByAWzzjPgQkTJtST5fNxvAQl5AcX4NgYn5eSiIMlOT8pNyc8LBSHjazVyeZvUu1bPv5l+iRXfV2LfvCDKKJ/9ndfTpuZO3hkWjjRDH59IzH8fnvRvDnnuZZcEPvB8x891NS/sPhwVQrrpZk4V2Kwl8bA75w5V4T9OoxeEHtVLN0q/UxzX+hOabdmZ+hbkX+I0oeHkh+F/yiCJhgtIJOIkPAEh8Vuxnmc5DTPthCn5VoLtVhI+AChTpsjJCuEhjDzhmyN0RA0+S/sOK5w/KFxcjBZ3ppqcZv3Yh+Yw+371zquddzpeNjxuEPjOKDbPzuJJEWnh++PWEn2Q1SafzIdVqcTjsCgiVnz1Q5hhEWXH2LOImiialJmVTQqmg/mhyTzucWtpysI95txCs3NYR9T0oUjgcRRSTOJ3dJ11ryVXdX5lY6uVXUV0xeZBo/GLHtq9SsXLX51zU2D7/32V4NfkcsTWtov61xyYdi7Uuu8M+uaGzIuv/Ocy9o2PNEds+fyJwY/fRfn043ojxvRR9rBAWuduaM1o43TIlyyy6xJi5gYMT28PrwlXDMxIj/miphbNJtNGkdQMgEaEpxss+ujUh/WER0buAZTHrrxq50h6xKIkpCdQBOCghVQ7Nl2ah+gV/Ur42p8E/QoDtL5y4+kc3+Dk7WI+3GYv5zMD0nAZoYHY0O17EhMwLGbUzCFoh1SUlMSb6RxjzRcPNCQWbBo5qULf3r0VTL6DxcWTF9QWNhWM+UXmt2xKU8Ovv/yLy7d0lSZ5pCf/Ga8NXjuM9u27VwUbGUj6Dpcd0VhS8000mkySSn6FJMkS0Qa8KxzGmIn5RmVSZPzDAOeA/1q6Pxp7FhMRaI16I3vGD42yrLBaAyhsbLd4DAm0gxZMWQZF9MW2WVYYlxJV8k/NWwz/sKw23jE8JUx/E55k+FO47OGXxvfpPvlNwy/M75PP5DfNXxktKw0rDJeSq+WLzVcbdxEdXUmF10iLza0GFfQ1bKulFbKpYZK4zz9PEOdURdpzLLm0UlynmGysciqk6hZ1hoMxjAaLUcYdOpsdVBZMho0Zp0uR2s156BXtUtUX6W35JkY4a20mix5eqc1Nc/ECCbd7rQzxqTH5adMqM6Ii/eiQuySoOAI1RvMJ1mH7K8dYgkxA57JzkwsRZH1BkOOJIdKkkxNRmOORJGlmI1klik1G40Gg07vsBLrALH0sw/U7aYTQIPj5Jz5eRo2tyJqavM0OTqnbq2e6B9bi73wmEkxmekAneAMxjWCEwXBiUKQ4zATM8vGMq4Xb7uHlx9KT7cX/s1eGB1lP7r86PLC6Ej70fR0TLAfXM5ux3gUFWJtr9CMTb/ioqevGBvJgnTmuSrdITXoB/WeA9tNCnNa8zmWd3kfSyyfn4sLCcKWFLhFCbqOPIrrKB3ZM3ho8A+D7wz+UbP7m0jpg6/K5Uu+XsNOnD2bcfbswTEVhvvlL52XTLRV2ObplpiWmNk9fEviTut+g1Gr1xoj9OHGfGu5tdym09sNQaHWUFuoPd+ab5tm67Wutr9qNK0yrIpaEbfBsCFqfZzWEB5qMNusNdZe62XWG633WDVWxWIOtVjMNnOYJSI8OcQeShpCt4TS0FBQEpLxZmqxWsNAjwbf40wFix2d3GsxqVu0bu1e7T70vld0JhIlMTuRJiaEKYTdcyiwiTlqXNPQxGTzcj5zW2wQ2PnMDGYeC0O+wLlibPp860X2p4nXe7FZyxwXWi0nnLv58PCIkARpLE1MDMKZm88cGM7bxM2046+vr3vyiYaLlvQP3vFGV+15iwp///qSwtnTk3a8r9k9+/lL7n0zdsL6Bwb/QooeqE84ers0K6lu6pnnmDVslVTr+UBmHsoGsbDJmRlcr6031gfPDZ8bWR97s+4Ww5cGQ2f8ung6ScozTwrLizpTKjWfGVYadYvBEMqebmlM0Rjg4NdZbegGjBFjrJYUwv7xY7NB9LXxJN6eoI+Kqyv0r4WWHymceeho4Xt8HVF0qOiQ2tKSOqelVdtqbA1eFL4osjVWO78+IWG81rs+CkYfjcMnNMLvwrVy4+DXxdvPfmTw68En+y4hUUeDs0rPb9xw2eLmK24/px43wXpcxEfdSO3fdG6b0X7vTx+5606s4BU4dwvkKeiR73eOvklDDFZSo1mk6dVIWcF11hZrZ7BsNNjMDjO91uwx0yLzbLw9DdCVzjE6HTZPolrjaDDYDdmGToNsiF4bfGcwXRC8Nvjh4H3BcrAdUtDlYeNNlK4jW3AdFhVUtIvEehdQy9kKws5W2mwoRM08CJFeG+AkmZjjXRYuh0p3RA17jHp23XZjzoR6vsZKCMvPRwvoWLu1QWTL4PtEU7K0tKF+3rQzJldnySk3LS0d/8XY4m2Dn2Ebz6Fvkk80L+L+ruoRA67pZA0QttRONMgHNe8aDYQ2EEJeN1YB+7xJtFnTIG/B23KUaeYD6nDFBTgO2flsrXeY1ZivdNiYJIl8vYfLkFzyyS/PW7VgZn7krfRNSooTbospTJuEpUdhdBWWHg8/c9rlyNCoPFn369j9sdLVcSSeL9GilbyS+Jr4pngpPoIt1eLhICGU1TA71OY0mvNs680HcQoaiOH1iAiwvW5PoqQK1InVoqylD1NKSx33LEWf9d5yrCzWGOuJuwW2HjiYjjUeqvT8dN+SSxMKpthHY2lsKGUzbD6e9Xx1kE7CEvLzh62tUpH1La7woKuO3mWad1NXhCMnNzdH+5itsOr6q24YmxO9bFKU1HvHnPUr6+NSUpMzxk219+ZPWzcvvzEvem5mJLsvjqYv0IvRGunQ5xytSyTT4ufFL4qXEh26RKsJCNongpDQjggSEREqHxwTejDW+oIJrbRj0niTaQyzSWYsMSdZLJEdDuJ4PSipARcFr3ekvJJC16VsSqFVKe4UqqRkp9CUyzMjXo8coDc6LeR1cIbF58HlGUsuZLupdFw1MSvNX350/uFD89HtHMTdyMSs9EM4HtkyqgtP/4qJ+LzP/JCCwCXTt8yj0/JVE87RlNED+klZ4wonjo0/IyJvclTamDE5+r6ocTMuu/C6sNjskrL7r1x3q9QXWjC+MDt9gu16EpEYHpecOT56cUbphVUpSmZc5PwpC25Ygzbz7CbJZDMdj8v2yMdAktpxyurw7NquIVn2w8A8BruPkM2DSeRtlLV7deT3/rmO/N5Xr2kyhnRwtfXPy4HB3aR8SEf/A3T08I/dep/OoyTZ/gN07PDJo/YyrkMHD8ASokhLcR+PbtRpll83w+t640Gt9SCFrENvH8KFwx+Znj1BCcJTykscFRaam0OUwQODB3A/rTzFbr7kr4NryTpy8eC6zz7/DOfOubjOnyafASG4Hs12xmj2KxHZEc4IKSIiIW6/YsvGrWzoVqMleisMSA8Bc84ka/4hdptiZeXE07BQK00cNRYXjVNoiM8Th4WG07PW7FkzZeq6R1dftOeioqlrH13dvbxjxfKu5fIZlde8fNmlr1xTWXnNK5de9vI1ld9cu/Wuu7duvfuurWx+FOFN6Cl5AphhzC4ws48UmPTZ6J2oWafXm7EW24kZiopys14Kmoh1eTEXK4IO0SqhF0InRJ8afH/M7LkLJ9/6ZsHbkpSQl5YU5ElbNR1zno47zwS5CJKg0pkwJoZERpJULQkOCwkx7LfHK/E0Pj4laT/g6iIpKSEYN4Y7wswJW2Vfw3FG5JKs3Cxv63OygnBOoEVD+NDnhtDqsNPypmjVSbF8VPflzyzb2jkh88yGxYvrii208ZvUSQvOX3P+gkmVZ9YvCqLP7qlzjZ27qqJkcdXk7JTUMdGDXy++Y1V9aUHehCTn+OoG8HhgyuAi2SwXER2Eez4bXAuG7RDDqzSeXfU902D/B2DxyWi9x3k89BYWL8Q2h/F4mMEnn8Tj4QZmbVxR6e/QvAp5UOJMSjGQmDyFpCpjiN1uVqwKmj0rM0ZRgnSZ4ZKNjmGfVCh6+umiokO5uVm5bCi8jYawv40+I0fd/OfhcmSUlYYFsXvUFIlZJoIHMkvyXdWMHdyfVtFYUH/+mcrgfhIcX9Vy8czs9qULkxPru66eM3l1R8O0MYP70yuaJ1avmJEkrXFdPkspXHpD3Te4/Ptt/rwzEsLGnzstv25KQui46gse6PzmbK/I+AWXn4Wj+mZs9Q1yF7D//RQ4IwwJSmx2rDN2U6wcG5sSkqIEZwfTYL5aCTaG7KY9OPcePHZw4+4oPCJeYh7fKnn3RlMoux+MpakpKYk3k6en96RWr52bec6MmOkLVp45mEWU6yvmT1TM4RGZxWkR55TJXUZTxMJrdy276e3p0WmOIOnKow1BiflJJWvres9MMWjwJsxqqtmENY2CS5yzw8Pyw+hEmUTLxCxDVJhFazPpUlZryRItKdTO0NJMLYnVEq3RGLMihLhCSG5ISQgdFUJC8M9qS1GCsoNoUFSYbLJq7NqQAenBHRazwW5kffZ00dO4Smfty8nhy3BsZi5nDuXiBQxxPk+RCkLYejyR4MF6MCReipAiZZ3Rahog1w9+JXvgnUGPjJvd63cbrUa9hiyIycwuSKZFX18jjf/mBXbKXUcfSyrIyowCtScOYfsUyIJlzqyIsLCU0ODQ0GB7sCM01JhAUoNSaWoqjMtypPCbOYEg1IoIDnXYbbYE7KFHHI6xoWGKcSzrJuLtpqefxsofyg3KZatkbNL8o08HqZOSLZvTcc08Lpstk3HssbuRlerC+FoZOy51rITL5RD2SM27XsYFc9jNVG68snFqbExM2BkdZxe05u4e3HZPbnW0NUZJjQ7ZNG1udMaY3HR7bfEtcpdtVMHo0eflZjbMq4iQw5pnDr775ax6u96goYMT6X2SrJsyOmOCltK/4Gwb7/mU9tLPiM4ygczxrAdDP95eTDh1+dw9ByfgJ/QLdP2fABwdA7o+wBWad14z463i1z71XaO+a6Mx14vpZ3jtM7yWzK6NManXxuPqolfzordE2shL1Eq8RI58/7H+uw9cKFfQWPrcPzukM4495MW+QxP1A47rvvvQSuI47mOq9te6JnGIQxyn6XHRf+S4SRziOAmP7boXdO+KQxziEIc4xCEOcYhDHOIQhzjEIQ5xiON/d+jtJ/yo16/X/1n/acDxpQEMeoN9hOOCH3jsO/YwOv3H4+L4Hx0vG982fmT88tjDpBOHOMQhDnGI4z93gPd90aFICXvbHudDPddiWCN9BN63XgON5lckLm3kMcZT0NPbwfd27Cl0jcrLEEo3qbwGIukeldci/5rK66DZn48esulXKm+AjRqjylussuZG31uZiSXkZpUnoAm9V+UpyKHvqrwEjtA3VF4GY+ifVF4D5tAvVF4L5jCi8joY589HD5Ehd6q8AcrCLCpv0dGwava2b1nCsqyxDSovQ3RsLec1mG6MPV/lZQiPbee8FtO1sZtUXobg2Ms4r2N2i71b5dFWsZs5r8d0c+xOlZchMnYb5w3YyHj6scp77e/lvfb38l77e3mv/b281/5e3mt/L6+DhbFPqrzX/l7ea38vb7GGxiVx3sjanl6q8tj29AmcN2F6cPp5Ki9DfLrXVmZWt/QLVR7rk97JeSt712P6rSovQ2z6NZy383wuVHmWj1c+hNkwfafKow3TvTYJ5fV5TuVZfbxtDMP00PS/qLwMSvobnA9n8hlU5Zn8Ec5HMfmMWJVH+Qw752NYn2YUqjz2aUY25+N4n96t8qxPvX3n4PLVKs/kyzmfxPo0o0XlsU8zzuV8GrNPxjqVR/tk9HA+k+dzo8qzfDYwXj/M/vph9tcPa5d+WLvMw+TNw+TNw/rF7OuXn4ECOZAN49j7EqEWWsCF4UzogHY8e2A1dPKUEox1Ic9oI6a3comxeKUY2vBQoBrTFqN+D3TzmAtDF0qvQNrMJS14TMfYQkx1wUpMmc1zb8dyfeXMwNxXY969mI+C+XZgnq3QhHwT8p14rctfjuKvfTbkIpfijxVABq9DI+bQibIKltuI5bA8mmCpKnsmxlowlV3t5d+i97WJ2aGVt6PtO+uziNtCgakYX4hXWGojt0RgG735dKgtVXgpvXi1ibeXxRZh3itRt4un9KJUM7ecwt9j4O2PCqwTs04r12vntp3M9V1cwgXLsExm6WZOFbVGPlmFp3djCrNfp78Hh9rBrvfwN620oRx79wmT9LbI14pGXic2App5iazOS3nrFv1Lo+dYyUkBpU7FK228LaNRspXXvcNvsTEwl1up29+SAsyR9f5QHpn+PGZi7f67Y93ITzHeT5Xx/u1xMNRLpXwkrETZdrQH68dFeLSqbcrktu/A+rTyEmbxKy185DVi3qxvqvhI6uJXWvk8qkE61HZms3EwESZgj357rLN292JdOnkrve1dxOvbw/uvnttY4TNyNbep1wY9/n71SbO0Dj66mPVZnVy8fs1crlPt/ww+19t5OZ281l7dJjUXlxpv5Hl38hYsQ6kefo1pLeT18PXnsX3To2p4R0rXt1IW+duQ4Y8PjY1vW6eTx5tRpwl6uI5vPnrLzfCXc2wLvD22ktupic+ckWy2Um1pK59TbXz2+Gb6sbZnOm2cG43yYwLG6si5e+vwr9p2+Ezwjc8uPvZ948039kdqga/0b9dr8rAxwFribUsPL8/nG7v47FnNx08HWqmde4zG72ypd+w1Bowq78zvUKm3VV6e+aBO1ROx2q7wzzhvPkyS+bvvG6Ner92u9sxQ7r4Z0qpauYv7xlY+h3vUvmXrFd9dYhGfzW28lT4rB47qDN4zjZxvVsfBtz3asTNhNPfsrJ2TIAsPF/fIrIyl3G+5eK82Yhqz0GKU8F3LUvNccIyXHKPO3iFv0e23mK82x3Mf+oF+X4k9Jo8ZvjyUOP9oXoJp3n7yjRoXv2e2qfeLodH9ffcy36j87vsZ67kq/8zpHrZG8Pa3dxS41LIW87HcrvZ7Bm9zl3qf8foe5hkauf29/ewbx95x1al6cG8J7D7gva+0+0dKIwzdz4/1Z/+BvvBbqJG3vUO95/j8RzNP6UXbeOdIY8Ddkc1o75gZ7avjd/ctsPtYwB0de3vMMBs187tMW4Cf+XYbvyc/UPiI7+H3U6/0yN4t4xjv5rP9sdrMal5/Orzdvnp1BazsvG0YuhP5+pDxy/gdpxXr6ou7ho0Q5re8PdSNuQ3dYb21Xsjr4lLvVL3+vhzuS7x9mKX2eDefJW3+OvjmdeBY+uFWHX6H97Zy+J0mcEwPWWIlt+Oyf7EffXcDthpsVy3jGlaDZk5ZmUN2WYISTcPuHT3f44+9nr+Zt8B3x5sU4MUbMccO7nFGXl9713++u8yQfVr894mRfEqgVjf3Fd6+Wqi2e+R7buN39GiXv/XdfJS289y9s8h75x1+R/9XR4Dv/jYdyvjV2VCOsXl4t6zmKRWYxtat1XhlLsZKMbUUU1JRoka9nsp7ah6/D01HuTn8HufNoxrpLIzXcx9XDgqPs1glys/CvJhuGdTxMsowtxouWc3znompMzAsU+WYRgmmzME446dxL+gtbxZqeXcLFeo90VvTWkxX/C0MrFUFL9FXs5kYq8b8p6tXizHvCp4fqz8rv5zzs/z1LFdrWsxtxHJmeZZgjWbwGEudg2EVytXw8ot5m721ncXbUI7XvW0p4zVgJY9V2+qVY/aZq15hfcTqNwOPoVYVcxtM57UZsl8JhlVYc5b/NLzKtJnMDN6LXsmpXJ+1kbV2Bo8NtcrbUyW8NcyqzAalyM/Ec5rfdtWceutSPSy3QNvN49eHpLztK1ZpCbfcbB7z9kYJj9XyvmJXM9S+rObtOLbUeXwklnGpYt7iGv8IKeej11t73+j0ljF7WE285bG+HV4X36hWvmeOeHPxXZ+j9vS37cKsXsxtwupV4y/5u3Ie+zMlJ3tcgVLb4lJmdrR39KzudCklHV2dHV2NPa0d7WOV4rY2pbp1cUtPt1Lt6nZ1rXA1j1UslumuhV2ulcrsTld7LdOZ0bi6o7dHaetY3NqkNHV0ru5iOgrLPjtXSWFBQYZS3djW2aJMb2xv6mhaiqlndrS0K9N7m7tZSbUtrd1K2/B8FnV0KVNbF7a1NjW2KWqJKNOBhSrdHb1dTS4MFvWsbOxyKb3tza4upYe1o6JWmdHa5Grvdk1Wul0uxbVsoau52dWstHlTlWZXd1NXaydrIC+j2dXT2NrWPba4qxULwhIalZ6uxmbXssaupUrHou+2ji9xkldzakdbszJ6ZmtTVwer15i5rq5uVkbB2OxsLpHJJGbW+vPipivtalzZ2r5Ymb1oEdZPyVSqOxa2tiuzWptaOtoauzOUqsaertam1kalppG3slsZN3FCjr8Ypbu3s7OtFdu3qKO9Z6xS39GrLGtcrfRiS3uYTVmy0tOhNHW5GntcGUpza3cn2jlDaWxvVjq7WvFqE4q4MGzsVjpdXctae3owu4WruT19VuvBC2j8Lh+ziJWQwUJudX91Ors6mnubejIUNlpQN4Pp+ArAhq1swZYNq9lKLLS1vamtt5kNLV/tO9rbViujW8d4e2+YOObwfbX1djazZ5erm9mNddRQAUzdn9dkboHRrVhKj2sZ69WuViy1uWNle1tHY3Og9Rq9psJBhs3pwKKQ9vZ04mBtdrFmMpkWV1tnoEVxArWvVsVZh2CGaJ+W1oWtWOexFgsbWos62to6+BBQTZ2hLGzsxrp2tPsHtK8TRrf09HROyspytY9d2bq0tdPV3No4tqNrcRaLZaHkAnXoj8Hu5cOim1WMZTPyXB1pjv1WlZjBJF5lZl7SgW1ipnGtcLXh/OPmDpzNzJQB89liqWKd082nALYbTeBCrcVdjWiZ5gxlURfOTRw9TS2NXYuxzczGaCvsUVRXOhbinGxnRmnk/sQ3zn54K1iFGru7O3DmsPHR3NHUuwx7pNE77Vvb0DKjWY4BrVVqVIfy6hheo2YX8wjefhhRTlnZ2tPCkocNtwx1uLHa+y63teI49ZbN8uryulQsgU8i1sIMZVlHc+siFrq4QTp7sUHdLXzCYtYLe9nk7WaJ6ijBFmZhw7td6KMxB9bXqpVGrKp3wmOR3kmjWppXYmVLx7LvaSObBr1d7VgZF8+guQMdL6/LEldTj2+ADY1jHPzNrXziTfIO8caFHStcw+4L6P/YlOH1YZOsc2ikqJe6WxqxVQtdATO3cVhDu1jx3T04mJjrxcnrnejfZwA236aXKTWzy2vnFVeXKRU1SlX17LkVpWWlSmpxDcZTM5R5FbXTZ8+pVVCiunhWbb0yu1wpnlWvVFbMKs1QyuqqqstqapTZ1UrFzKoZFWWYVjGrZMac0opZ05SpqDdrNt5+KnAmYqa1sxVWoJpVRVkNy2xmWXXJdIwWT62YUVFbn6GUV9TOYnmWY6bFSlVxdW1FyZwZxdVK1Zzqqtk1ZVh8KWY7q2JWeTWWUjazbFbtWCwV05SyuRhRaqYXz5jBiyqeg7Wv5vUrmV1VX10xbXqtMn32jNIyTJxahjUrnjqjzFsUNqpkRnHFzAyltHhm8bQyrjUbc6nmYmrt5k0v40lYXjH+ldRWzJ7FmlEye1ZtNUYzsJXVtX7VeRU1ZRlKcXVFDTNIefVszJ6ZEzVm80xQb1aZNxdmaiWgR1CExefUlA3VpbSseAbmVcOUhwsH/udoFu40FvP9BtvJDL/SA73EgnuYDwNSF/Ed0vCUcq7bMzxN2iA9Jj0tPY50e4Dsf+q/VOJ5vHgeL57H/++fx3v/pyqeyZ+az+S9vSeey4vn8uK5vHguf6w3F8/mA5/N+6wjns+L5/Pi+fxJ9nx+xD2u9941/ApbBTKPs4KvsXDHG3B1Gl/fdPN7SA/3o4H73g8xXApHUPtDTB9+bS7XGJ4ynYcr+P458EoV9zNd3Gd5PdPq76x9QA1khzxFniyXyPnyBNkpnyFXyhMDNGtH3MFXspCMw/TAVObXOrE9AWWQIPiLlIheO9BqHeoKW/J++t+TCm9+x49rScA+OW8E4vGwzzUDzKSP59OJcgqA8y3Nbowr6j8BmhUODwKKPIPF1TOmZmdL4AT1WxBmALqObmDvW0fuaiD0R/QWkOit9Fbkb6O3IX87vR35n9A7kL+Tfor8Z/RL5P9PCgIiBUvBIEkhUjny06RK5GdIa5BfK60FKq2TDiP/hfQN8kelQeQ9EtZZBrkbiNwj9yDfK69G/nz5fOQvkK9D/nr5BuRvlG9E/sfyj5HfrMkBosnV5IGkGa8pQH6CZjLyhdpSINoyLZarnaGdifwsbQ3ytdo5yM/VzkO+TluHfL32HOTP1fYg36vtRX6FdiXyq7SXA9Wu116B/Abtlchv1P0UiO5e3b0g6bbqfoH8Tn0xUP1U/YUg6S/SY+v0a/W3I/8T/d+Q/0R/GPkvDFiKod6wEiTDKpMBiMlosoBksppGIz/GlIt8nuk+5O83PYy82/QE8k+ankb+GdMLyL9oegmo6WXTh8h/ZDqE6X8z/R35w6YjyP/D9A/kvzSh5U3/Z/oK+a+x8yQzMT8FxPy0+VfIP2f+HPm/mw8DNX9hsQOxBFmiQLJEW+YiP89yHvILrFiu9Unrk0CtT9kigdiibAlAbaNsKSDZUm1TMKXIVoS80/YK8vtsHyH/V9vHKHPI9hmmfG77O6YctuPIs8t2GSS7xq4Batfaz8eUC+wXYMqFduw7+4/t2Hf2zUGXAwlaH4R9GnRjEKYH/ThoM/sWizoGKSTwkeAdA97eV/sdbV6NFq7VYz/q6/RoYf3ZemyFvlHfhHSRvhPpCv1qpOdj77B+uRjpJfpLMOVS/aXIX6Zfj/wV+iuR36i/CvlN2Hes1z5X+4hi76Qjn2HKQttmm7K5/f+K/Memj7ltn0H6rPlZtPCv0M7MquFIIywRaM9IC9rQEsXsrLbHCB9Le0DT2NW4EJSm1V1tsGpxl2spbGxxLeyC29sae9rhfogFuby4Gvc1M2fUK5BXM6tUAeec6lLmCYDPaw17J7zKa8EOMSqvgyD+q6oe7geCIU7lDRAC8dyqLC7zmoSCY1gKAROEoa/xpRAIx3zpjNrpCsTXVlcqeE/ySlL0DBGQoMYkXJVFwig1JoMVoiARkpo6uzvhLU4Pcvo3Tr9klNClrq52YuY0idNCTms5beP0Mk43crqJ082c3s7+2Unu5tTN6S85fZHTtzj9gNO/MUopp6Wc1nHatmzpsqV0HacbON3E6c2cbuH0fk7dnA5wupfT57iHDUZrhh4HZ0TLhqPNItE20dhXsdgv8f+FdN/3w0amGv7T6ey7W5p/I0ZwbLHvi+kxNOIYMuN4sOLoBBxdDhxPCTg2cDxAMqTg6ns07rnTIB3HUiauGbL4dw9yIBfyYDzkQwFMgIm4E5oMhXDGd+T6Q9Mo+93mHxTacc78s/AyYiTRJI1MIrWkmfSQy8iN5KdkB3mavEYOksNUpqE0iebRUlpLm+lW+kcpXJolrZd+KX0sR8vT5RXyenmzvFV+Xn5Lo9cM6up0LbpVuiP6aP01+j0mu0lB3+I0VZkaTJ2mdaafmnaY9pujzdPNdeYW82bzVvNO9DFvmN8zH7FoLeGWFEu+pdwy17LIssKy3rLZstWy0/Ks5Q3Le5YjVq013JpiZb+FNNe6yLrCut662brVutP6rPUN63vWIzatLdyWYsu3ldvm2hbZVtjW2zbbttp22p61vWF7z3YEPXW4PcWeby+3z7Uvsq+wr7dvtm+177Q/a3/D/p79CLDvxxF+UgDbYTDw70qyOHqOp7cFxv9g5HG2HgnmqXCgTQ1vHiaJ4+jAp8PieP2DucPiWowvCYz/LZ+PO39Jn7wYECfhUwLjEe2B8egzA+OZtYHxrMD8SXYLGOiw+BnNYCDgrw+ZuQMM0rD4WecN08ej5tbA+JykwPhcJ49r0U7ROGPScFZM8l49V6uGihr60mvVsF0NN/AcNDheI4E9E8tW069Xw4fU8Hk1fM8bzqcj6823qmGaGpar4UI1XPMdehvV8H41fFYND3rD876jvPPsajhWDWeo4RI1/I72nbdZDXeo4W/V8FNvuMDK9didKRy9YoqaGq+GU9TwPDVcM6L0JjV0q+E+Nfx0JOkGqoaj1HCqGi4cUbpHDW9UQ7UdDa8FzCXS8HFgvHFjwIwhi3fyuIQ+MBTvAN40tY9bwtVwRmAeLefz+DE1WhKshqPVUK3hkie5dCR66im4G2O/HX4e7q/acZe1BtbDNbAZ7oCt8BDshF/Cs/AyvAF/hPfgb6r2295wqayGqnWWrlBDtf1LP1DDQW/Ydq4a7vGGy9SeW9alhs95w3Y1vV3Nr/1lb9ihtqLjQjVUx0enmt65Tg33e8PlOWq4Rg1f5K0eBf+Pve+Bj6K69r8zuzu72ezM/pndzWazSTYhYkSMCIgYKVKKMWJEiogREZEiIlKKiBFpRMQUKSIijZTm0UhjSimllNKUh/zyeBQpUkSKiJSHERGRUqRIKaUYMfs75zuzyWb5U0D8g3Dnc84998z9e+455947O5n0ppPuQDzpGysmiMlimpglqkSNWIj/hL5arBebxXaxS+wTh0SjJNOK4aM1I5dWjY60bvSUekv9zBrNHow1LWqsqakPzzVjUwLjTM0fZ0rwEbPHj8wx4jKnGZuWUrbGiB81dfpRc2SPHjXi8abEHjO14zFTchNMiU0w833flFS5qcflZrly04IfLzVjcxwT+5jxBiN+opcZrzTiSabHmrTUiJ9sb8YLWmvjk8taa/Qzq5B2QTMLTqB1Rq79RjzdrHV6jRE/GzZjcz6fNaXxrGm7z5pSntHFjKeYcbUZ7z/enp4zfc5zpo97rh55Uul+Hv4zdTfRi/bo/cUgOq+PMvOYUpppWtXMKiN+Ps+MFxrxLLOfs0w9/5Ep/R+ZvqfS9P+Vw09ks5VmrytNi3/BlM5sB3JfJ8pFhZguKsVcUSsWiTpRL9aIDWKLaBC7xX5xWByTrJJL8ksRKU9qL3WWukm9pBLa7Qyi/c4o2vGU055nOu165tK+ZxHtfOpp77OBdj8NtP/ZLx2WjtEeyEW7oAjtg9rTTqgb7YVMvZxt9ny2qZ8/NvVpjnn/J+YYqswRV+0w4v8yJTF3nhH/tMKIq027eLGvEc/rasam5/yZqW8/MzWjxpTNS6b91Zoraq1Z/8/HG/H8zmZ8yIh/YXr7BWPMeJcR/9JceX9patJCcxwLDxvxr0w7XmTa9yLTvn9t8heb9rHY7N9vzBVsSQ8zNvm/Nfu91Bzn70z5/G6ZEdeZK3Od6Vl/P8OIl5nrzbIjRvzfQ8x4ixEvN/35y34zNutbYdr1imNG/P/mG3G92X69yf+fJLtd2ae13f5hfVK6ISl9OGHvQ3Ox2tlqbyetntw6/cq24y1xzT4j/mPIjItal/njqOPLrB1oxqZFrTX2nCfYc71qSubV3mZs+o5XTUm9as7QutwT2eI6s9Q6s9Q6s9S6/a3l8Cd/6z7/qfuJaltvzt5605u+Zq5zr01qPQuvJUqZrg2idfq1pqT0sdY70A3WpLQjKa0lpf1J6XBSOpqUbpuUzk9Kt0tKt09KFySlOySlOyelC5PSPZLSRUnpkqR0n6R0/6T0wKT0kKT08KT0iKT06KT0uKT0hKT0pKR0RVJ6WlJ6ZlJ6dlJ6blK6Oik9Lyldk5SuTUrPT0ovSEovTEovSkovTkovSUovTUrXJaVXJKVXJaXXtraXDRtap99Isqc327VOb9Fap99a1Dq9Ndw6vW1X6/T22tbpt0Ot0w1J+/13erZO77C2Tr+7onX6vWGt0++HW3uXD3xJ6dFJ6fWty+9p2zq9d6KQF+zks/bCjb+ZQXvfSnExnFWI1TVTb599DbE6vs6+jq92wDe3LoaThBYNauaMoOu5WK8T54693brE+STdU43stMpnGvD11anY/Z+5huN8yH+S+oWpTyynpqMGcE3iaxk+n3GRD3r7eL91McQySRvho0gvm+0QWkppYy4oxwimDHz+BO6/OY4XP3NdvQyrZVkkcJ8Dp1lOcc90vmkajaHu3Mwt1fQXyOHtRK9s7BRjBwwNY9xCnU8Be5nPvNpg/HG7G5G4Fpj6VIc1Im5759W+IbYxtsbw4We/Zzpn4RJxwQRDc86ycIm4YIKxjomL4T8E44wvLoaLAeGznoMv1BB7tXV8McRmnTr9eYfzxat9djmd/n7gxDK56P/P//CV2o+fgxDrdAKeuX+NXRW7gHayX144p89Vsg04VyGWw1dzamXCnZXHZR4svoTQ0rsvM8T+xNdXeV/Cvfvy909mL/70VZdTc+oL7+eZtRhbJi64EHv11DJKvmukL9QTw38ed+yvCfQFqE9f3XBuno+fi2CsbsdxB8SKmunWvyHXnYj7xQbqM/XPXHGKxJcaLu4LWofYUrpGxLVDovnhy7xTl6g9J3hyOujLeOJM/VuKeKkBX274qq9mX6Q+4beai/7ptMKJpNRaTl+98KXIqYauN2JvnDLPGwa0pI7nfpEhVnPmZZoaDThXwXiSIb7C4cvuXewd8TUOsezYc5/lGRTtd/9EGrTInKVDRJurffzdlvgvznjrw9Q1in8gvqx9QeJ7Xqf9/k2znM6yx/95/xRbdHH/9FlC7APxpYXYNrp2xXaJLzTwO51nU0p8Ke+dxZaILynEnj3x2xyxPwOvZIpssDkVL2XAhRNi9bH6U98neD85N7j14gIKsb8mPoFLuvde6+dzRu449+Tlvo7hVHIy7p8s94UlJyNcfEPmP4XYslM/7U6+a6Rjb4kL9FeXM8r9ljivQiydQJzJro934OJrFWLfbaZeJ7iA3vY+kxD7F6QDPYl9QJeZim2PvX5uzgwneifn/AuxRyGV10G3kktsPcFucTEYoVMr6RhzXwJeJ3Hx/auEEPuvZoqfIXSG/Zk+2NCzz1j/HHFugjFr6XH/EKuitYK9xDCzn+mn8hNcphUj/cwap9aa/RPpkfHM5RxI51wHzOHrhv9EmiWFNJ5tvX46ff4s/jbRW8db+0rKqYq13FxnXjef/C01pVR1On1uXqvOar9i6G5LyuzF68b+p3n2vvT9U+yJljnEynNcT+LrEbVsWrphmZBi87NJ887SM+/hebV/au1V0k8sMeTqdIIy6eJcBaOmk7X/5Qf0z9ScTqYs0ls8/InCORrHebQvaPZNH8Q9g2Fn8Xufa9un5Z++MqF55khWncw55rlNF8fZZOuCn1mrvj77zK/F+egLCKf00gm7n6+i3z1nAXvKD1p7ghbv1EoOzTnOrUQSWtiNPS561No7NlGepte/zLmIldAOivv1RFxeSCWcsOJ9i++0mkue1MeeyWjMVj8wW/jgTMt/UcGQA84pH8R3nOAsjWtaq/PdcTbYMrKzG93pPX/iZ0jYk5/+fvwcr5TQkk4tewOT27LD/iBhj1Bl3KMyc4zZZ1okvCsQl/kZ9eD146nj8sTPLadd8zk/tww3TiOtdyst3qllN0NyYclUgTLwUkNOyJlQ1pDnaffgc36ucm4CyaBZTiaHR9/iM147UZlz2H7CrMfWxzaJr3RokUnrk+2pJHKudgTHz8R5usNo2RWfcmd+TsJX/Rx8qpAuvrjwOcjpi/m95fP+tfDz/70lNlycg4BdkvH88nVzn3kV+HO4/s//V9Xz53cp86TQSh4Jz8tbn1bSW/POSfuncW758oPRs+QdEzTpg+Sc4gKW0xmHk3r183hM5zQYJ6/4WbmZa65Mhh4IcV6u6OcktPySGadanfGN3/rMk3M83znvQ4k4b96nSDjZJKxOF6bunEY40fPx9AT6Ag7Hn+QSOXErvOD9eLMGJerO8XvDC11Ord7RSNCdhN/bk/z4xWCG5l+PxXHPfS9kH3W8V2pJJe4QxAUdWr8JluzTTTu8QH7FO53QIpHW+/Hm5wyvt+QSF3A48bmlZXd+wcsp/XTGTXJ67fOTD56FnSdvZSQ8f0pa6T7/NzXicjqjmfiCz4PNqx1bW3qilzKtzfidNuHscqH6p8SnBKBeT5RG81OEz+k9jfMntMjn+HNKyxvmJ3rGfUGFz/d9uq9P+HzfY71gQvN3ky/4v9pJPqEk7cePO/9e6OudSHgm3nKv+e2ypS15z3kPznj/dGGeyvE22vAzk9PFp2FnF073+77N3/D7mnzfN7bxFDf7nnbOr33g/8BwrnOezyFW99m+EXxh/v/gMy11voRz8f8UL+rT6YaW/x98pqXOl3Dxv/udWfh', 'Keluar');
INSERT INTO `datasurat` VALUES ('M-20210700001', 3, 'Mas Kae', '2021-07-07', '2021-07-07', 'HX-001', 'MENGAJAK NIKAH', 'https://localhost/bukuSurat/localData/m-20210700001.pdf', '0000-00-00 00:00:00.000000', 'data:application/pdf;base64,JVBERi0xLjcKjp2jtMXW5/gKMiAwIG9iag0KWy9JQ0NCYXNlZCAzIDAgUl0NCmVuZG9iag0KMyAwIG9iag0KPDwNCi9GaWx0ZXIgL0ZsYXRlRGVjb2RlIA0KL0xlbmd0aCAyNTk2IA0KL04gMyANCj4+DQpzdHJlYW0NCnicnZZ3VFPZFofPvTe9UJIQipTQa2hSAkgNvUiRLioxCRBKwJAAIjZEVHBEUZGmCDIo4ICjQ5GxIoqFAVGx6wQZRNRxcBQblklkrRnfvHnvzZvfH/d+a5+9z91n733WugCQ/IMFwkxYCYAMoVgU4efFiI2LZ2AHAQzwAANsAOBws7NCFvhGApkCfNiMbJkT+Be9ug4g+fsq0z+MwQD/n5S5WSIxAFCYjOfy+NlcGRfJOD1XnCW3T8mYtjRNzjBKziJZgjJWk3PyLFt89pllDznzMoQ8GctzzuJl8OTcJ+ONORK+jJFgGRfnCPi5Mr4mY4N0SYZAxm/ksRl8TjYAKJLcLuZzU2RsLWOSKDKCLeN5AOBIyV/w0i9YzM8Tyw/FzsxaLhIkp4gZJlxTho2TE4vhz89N54vFzDAON40j4jHYmRlZHOFyAGbP/FkUeW0ZsiI72Dg5ODBtLW2+KNR/Xfybkvd2ll6Ef+4ZRB/4w/ZXfpkNALCmZbXZ+odtaRUAXesBULv9h81gLwCKsr51Dn1xHrp8XlLE4ixnK6vc3FxLAZ9rKS/o7/qfDn9DX3zPUr7d7+VhePOTOJJ0MUNeN25meqZExMjO4nD5DOafh/gfB/51HhYR/CS+iC+URUTLpkwgTJa1W8gTiAWZQoZA+J+a+A/D/qTZuZaJ2vgR0JZYAqUhGkB+HgAoKhEgCXtkK9DvfQvGRwP5zYvRmZid+8+C/n1XuEz+yBYkf45jR0QyuBJRzuya/FoCNCAARUAD6kAb6AMTwAS2wBG4AA/gAwJBKIgEcWAx4IIUkAFEIBcUgLWgGJSCrWAnqAZ1oBE0gzZwGHSBY+A0OAcugctgBNwBUjAOnoAp8ArMQBCEhcgQFVKHdCBDyByyhViQG+QDBUMRUByUCCVDQkgCFUDroFKoHKqG6qFm6FvoKHQaugANQ7egUWgS+hV6ByMwCabBWrARbAWzYE84CI6EF8HJ8DI4Hy6Ct8CVcAN8EO6ET8OX4BFYCj+BpxGAEBE6ooswERbCRkKReCQJESGrkBKkAmlA2pAepB+5ikiRp8hbFAZFRTFQTJQLyh8VheKilqFWoTajqlEHUJ2oPtRV1ChqCvURTUZros3RzugAdCw6GZ2LLkZXoJvQHeiz6BH0OPoVBoOhY4wxjhh/TBwmFbMCsxmzG9OOOYUZxoxhprFYrDrWHOuKDcVysGJsMbYKexB7EnsFO459gyPidHC2OF9cPE6IK8RV4FpwJ3BXcBO4GbwS3hDvjA/F8/DL8WX4RnwPfgg/jp8hKBOMCa6ESEIqYS2hktBGOEu4S3hBJBL1iE7EcKKAuIZYSTxEPE8cJb4lUUhmJDYpgSQhbSHtJ50i3SK9IJPJRmQPcjxZTN5CbiafId8nv1GgKlgqBCjwFFYr1Ch0KlxReKaIVzRU9FRcrJivWKF4RHFI8akSXslIia3EUVqlVKN0VOmG0rQyVdlGOVQ5Q3mzcovyBeVHFCzFiOJD4VGKKPsoZyhjVISqT2VTudR11EbqWeo4DUMzpgXQUmmltG9og7QpFYqKnUq0Sp5KjcpxFSkdoRvRA+jp9DL6Yfp1+jtVLVVPVb7qJtU21Suqr9XmqHmo8dVK1NrVRtTeqTPUfdTT1Lepd6nf00BpmGmEa+Rq7NE4q/F0Dm2OyxzunJI5h+fc1oQ1zTQjNFdo7tMc0JzW0tby08rSqtI6o/VUm67toZ2qvUP7hPakDlXHTUegs0PnpM5jhgrDk5HOqGT0MaZ0NXX9dSW69bqDujN6xnpReoV67Xr39An6LP0k/R36vfpTBjoGIQYFBq0Gtw3xhizDFMNdhv2Gr42MjWKMNhh1GT0yVjMOMM43bjW+a0I2cTdZZtJgcs0UY8oyTTPdbXrZDDazN0sxqzEbMofNHcwF5rvNhy3QFk4WQosGixtMEtOTmcNsZY5a0i2DLQstuyyfWRlYxVtts+q3+mhtb51u3Wh9x4ZiE2hTaNNj86utmS3Xtsb22lzyXN+5q+d2z31uZ27Ht9tjd9Oeah9iv8G+1/6Dg6ODyKHNYdLRwDHRsdbxBovGCmNtZp13Qjt5Oa12Oub01tnBWex82PkXF6ZLmkuLy6N5xvP48xrnjbnquXJc612lbgy3RLe9blJ3XXeOe4P7Aw99D55Hk8eEp6lnqudBz2de1l4irw6v12xn9kr2KW/E28+7xHvQh+IT5VPtc99XzzfZt9V3ys/eb4XfKX+0f5D/Nv8bAVoB3IDmgKlAx8CVgX1BpKAFQdVBD4LNgkXBPSFwSGDI9pC78w3nC+d3hYLQgNDtoffCjMOWhX0fjgkPC68JfxhhE1EQ0b+AumDJgpYFryK9Issi70SZREmieqMVoxOim6Nfx3jHlMdIY61iV8ZeitOIE8R1x2Pjo+Ob4qcX+izcuXA8wT6hOOH6IuNFeYsuLNZYnL74+BLFJZwlRxLRiTGJLYnvOaGcBs700oCltUunuGzuLu4TngdvB2+S78ov508kuSaVJz1Kdk3enjyZ4p5SkfJUwBZUC56n+qfWpb5OC03bn/YpPSa9PQOXkZhxVEgRpgn7MrUz8zKHs8yzirOky5yX7Vw2JQoSNWVD2Yuyu8U02c/UgMREsl4ymuOWU5PzJjc690iecp4wb2C52fJNyyfyffO/XoFawV3RW6BbsLZgdKXnyvpV0Kqlq3pX668uWj2+xm/NgbWEtWlrfyi0LiwvfLkuZl1PkVbRmqKx9X7rW4sVikXFNza4bKjbiNoo2Di4ae6mqk0fS3glF0utSytK32/mbr74lc1XlV992pK0ZbDMoWzPVsxW4dbr29y3HShXLs8vH9sesr1zB2NHyY6XO5fsvFBhV1G3i7BLsktaGVzZXWVQtbXqfXVK9UiNV017rWbtptrXu3m7r+zx2NNWp1VXWvdur2DvzXq/+s4Go4aKfZh9OfseNkY39n/N+rq5SaOptOnDfuF+6YGIA33Njs3NLZotZa1wq6R18mDCwcvfeH/T3cZsq2+nt5ceAockhx5/m/jt9cNBh3uPsI60fWf4XW0HtaOkE+pc3jnVldIl7Y7rHj4aeLS3x6Wn43vL7/cf0z1Wc1zleNkJwomiE59O5p+cPpV16unp5NNjvUt675yJPXOtL7xv8GzQ2fPnfM+d6ffsP3ne9fyxC84Xjl5kXey65HCpc8B+oOMH+x86Bh0GO4cch7ovO13uGZ43fOKK+5XTV72vnrsWcO3SyPyR4etR12/eSLghvcm7+ehW+q3nt3Nuz9xZcxd9t+Se0r2K+5r3G340/bFd6iA9Puo9OvBgwYM7Y9yxJz9l//R+vOgh+WHFhM5E8yPbR8cmfScvP174ePxJ1pOZp8U/K/9c+8zk2Xe/ePwyMBU7Nf5c9PzTr5tfqL/Y/9LuZe902PT9VxmvZl6XvFF/c+At623/u5h3EzO577HvKz+Yfuj5GPTx7qeMT59+A/eE8/sNCmVuZHN0cmVhbQ0KZW5kb2JqDQo0IDAgb2JqDQo8PA0KL0NBIDEgDQovVHlwZSAvRXh0R1N0YXRlIA0KL2NhIDEgDQo+Pg0KZW5kb2JqDQoxNyAwIG9iag0KPDwNCi9CaXRzUGVyQ29tcG9uZW50IDggDQovQ29sb3JTcGFjZSAvRGV2aWNlUkdCIA0KL0ZpbHRlciAvRENURGVjb2RlIA0KL0hlaWdodCAyNTUgDQovSW50ZXJwb2xhdGUgZmFsc2UgDQovTGVuZ3RoIDY2NzQgDQovU3VidHlwZSAvSW1hZ2UgDQovVHlwZSAvWE9iamVjdCANCi9XaWR0aCAyNzQgDQo+Pg0Kc3RyZWFtDQr/2P/gABBKRklGAAEBAAABAAEAAP/bAEMADQkKCwoIDQsKCw4ODQ8TIBUTEhITJxweFyAuKTEwLiktLDM6Sj4zNkY3LC1AV0FGTE5SU1IyPlphWlBgSlFST//bAEMBDg4OExETJhUVJk81LTVPT09PT09PT09PT09PT09PT09PT09PT09PT09PT09PT09PT09PT09PT09PT09PT09PT//AABEIAP8BEgMBEQACEQEDEQH/xAAfAAABBQEBAQEBAQAAAAAAAAAAAQIDBAUGBwgJCgv/xAC1EAACAQMDAgQDBQUEBAAAAX0BAgMABBEFEiExQQYTUWEHInEUMoGRoQgjQrHBFVLR8CQzYnKCCQoWFxgZGiUmJygpKjQ1Njc4OTpDREVGR0hJSlNUVVZXWFlaY2RlZmdoaWpzdHV2d3h5eoOEhYaHiImKkpOUlZaXmJmaoqOkpaanqKmqsrO0tba3uLm6wsPExcbHyMnK0tPU1dbX2Nna4eLj5OXm5+jp6vHy8/T19vf4+fr/xAAfAQADAQEBAQEBAQEBAAAAAAAAAQIDBAUGBwgJCgv/xAC1EQACAQIEBAMEBwUEBAABAncAAQIDEQQFITEGEkFRB2FxEyIygQgUQpGhscEJIzNS8BVictEKFiQ04SXxFxgZGiYnKCkqNTY3ODk6Q0RFRkdISUpTVFVWV1hZWmNkZWZnaGlqc3R1dnd4eXqCg4SFhoeIiYqSk5SVlpeYmZqio6Slpqeoqaqys7S1tre4ubrCw8TFxsfIycrS09TV1tfY2dri4+Tl5ufo6ery8/T19vf4+fr/2gAMAwEAAhEDEQA/AOp8oEfdoEJ5a+lADWRfSgCMxL6CgB6wrnoKAHmBT/COKYCeQn90flQANAn90flQBH5K5+6KAF8hD/CKAGNbIWyVFADktY/7ooAk+yxn+EUANa1jz90UAMNpGeSuaQDWsYD1QflTHYibTbY5zGvPtRqFhp0u1z/ql/KgQDS7TPMKY+lADJdItHP+pQe20UARjRbUH/Up+QoAVtGtSP8AUpn/AHRQBVbQLUkkwoc/7IoAik0OxXaJIoxuOBx1oAT/AIRyzYDEK4PoaBjG8MWnaMj/AIEaBEb+GLbHCt+BoAgbwtCehkH4igCNvCo6+Y/44ouMiPhg9pW/Ki4hD4YbqJj/AN80XCxGfDU3ab/x2i4WGN4buB/y0X8qLhYY3h+7XpIp/Oi4WG/2Fd/3k/M/4UXCx6jgBeKAGGgCMigAHXFAEqigB+2gBCKAIzn170AM70AOHrQAEZNAEiKBigB5GKAIpCsaM7sAo5JPahAYl3rWH8u1XJ/vN/hWigUjOe9nkG55m2kdRnBNVYZEzsYsYU7uvb+dOwiWG7kjVRHI4PTHalyoZdg1tkIW5jyvTcvUfWpcCWa8Usc0YeJgynuKzaaEP70AKOmKAEK0AMeFZAN3Y5oGKIwqhR2oATZg0AIV4oEJtGKAEKigBAg9KAF8tcUDIzEoOaADywe1IBjwr0xQBD5C56Uhm4OV5qiRhFAERoARR81AFhKAJMUgGP0oAibrQA0daAHCgBQMGgCVeBTASVlRCzEBQMkmgZzGraiLlhGp2xA/n71pFDsZpmcLtLbh2xVjFWdhzkjHY8/himA37TuVFclsDHIwKBWHho2Rgdy8cbR940DIyUG0Hn1fOcGglktrePayb4TgfxL2NJq4jp7S6iuolkjPUcjPIrFxAsCkAvQ0AIRkH60ANzzQAEUAJ2oAQ0AIemewoATHNACigYYBoAMUANYUgIsexpAaYPy0xDGNAEZoAVOKAJloAf2oAY3FAEJoAQUgHCgCReaYEgoGY2t3DMwgU4Qctjv7VcUWkYbrGAflHUDmrLshjBBKeBwOKdwsIrIclgOaYhRJBHDudlyw4GeaYrok+2WjhEDLtHqO9AroryJFIzeUwwP7poFuVXiZVLZz70CaHW8skEqSISCpzxQ1oI7mJw8SOOjKDXO9xD6ADtQA00AJnigBpoASgAcAqQQCD1BoAQDvQAGgYUAGcUAMk6d6QFRoFZifn5OfvGkBtfw0xEclAEZoAVAc0ATrQA+gBjUgIjQAi9aAHLyaYEigdqAFkYIjOxwFGSaaWo0cjcTyXdyznKxk8nvWiNIkE8kMB+f+IZ9SaaQ3KxRe+baQqKM96tRM3Mhe5lk6ueueOKqxPMxmWkPdjQLVlyPS7mSPeqY9jxSuiuVleWOa2fDgoaLhqhy3JO1X7UguTgBwWX1oGdbpkvmWEJ9Fx+VYS3EW6kB2KAEIpgNYcUAMoATvQAE0CE7UAGeKBhQAGgBkoyhGM54xSAbj/YP5UhmhniqJIXb5sUgGnk0ASJQBMgxzQA40ARv0oAiNAAo5oAkFAEoFAEGokCxlB6FcfnxTjuUtzj7+4FuQsZHQjGO1bIqUrGSA8rYUFiaoz3L0Gi3EpXeyxj8zRzDUTUg0G1TDTO8hHboKlyK5S/HbWkIxDGqilcpImAXbxigop3lpHPGQwB4piaOdu7CSEkp8y0zNxII5jGwIH1FUSdb4fkElhkf3j+FYzWozTycisxD88UwF6igY00ARHg0AIOTQIU0AIaAEyfQ0DFoAKAGsMjFICMxAnJAoGXzSIIWBLZoAUA0ASKMdaBk46UABoAib3oAibg4FADlFAEgHTNAEi8GgCnrORpc7DGQufyq4bjOBdmzk9a6LCZpaNbb5DKcAAdTUsqKNdpEU7EaTd/uipsaFaeTB/wBfKvboD/hT5RCwq7EETEg/3hj+WaLFFjc4ICsmenLYoArSzyqSPNix/usf5CqsK5F5okQ5MbD2OP50CuZGowGKYHbjdTRnJG34VLGC4H8IYf1rKpuI6AAAADp6VkA8dKAF7UANNMBnegBuRnFAAfbrQAtADaBgOtAAaAFx6cUAJj2pAWSaBEZ96BCqO1AyZaAJB0oAYfegCJjzikA0DnJoAeBQBIooAf0IFAFLV5I1s2jkJHmjYMdauG5Sjc46WGW1uVijIJdsAsoPH4it7g4m2itEgXjAwcAAZNQaJEVwJJhhD5eepHU1SCxntZ7HJJJ/GruFi7ZgRx726beTjpUtjEupyZWEQABQEcY4yKaQMoPLcquEUVRJGHZmIkXB/Q0gsSOA9uYmI2noW6CkiWjf0i38jTYgBhnG5j9f/rVhN3ZBfzUAOoAcKAA0wI8daAEC0AFABQAhoATFAB3oAcKACkMkJOaBB3oAcowaAJgOM0AL05oAa2etAETdKQxOuKBDwOetAEq0DFI5oAy9YQtNbt2DVpA0gZMg83UlCpgRHcT9a0LaLbDLYJpCGOhUHbk0wGJCsh/eZ+lMCZ4g48iMcNwcdhSAralDtnV06L8p+lUgIFjAUMelMBJoAQcgUgsFrFmaNdoZSwBB9M4NJsmWh0gQAADoO1c5kIeKAFBoAeDQAtADCOtACUwExQAhoASgAFAAOtADgMGkA7igYUCFoAkXOKAJATQAtIBjGgCI+lAAAQeKAJOuPY0ASKvOaAFNMCtexebCfVeRVRZcWZBjEchkz97rntV3NLkjjJBpgMYYGQcUAUZZpGbZFnPr6Uxl2G5toGCGYGXHTNFhEdzLHMChZQW6YPNNICpCXWV4twOPXvVDJJt6rkqME4JFSItaWpaYvt4AqJMiRsL1HFZGY1lyT69qAIwTQBItADs8UAJ1FADe9MAoAQ0ANoAWgAA5oAXNAC0AO6ipAUCgCRB2oAkxigAPrQBG1AEZoAcBxQA9RQBKKAEfpmmBCrluCD+I60xoqzwMMlACPQ9qpMtMpuflGKssq3Eu2Pnr2poBbdoYE+dgXbk07DILmK2lZvLjBOMgiqQFK4t44pkJzzznvVCJxhCsisT680mMtYD4561AM1bKIJDnHLVlJ3MZMtA4qSRrgsMj0oAiHXFAEoOMe9AClec88e9ABj5aAEIoASgBDQAlAAaAAdaADnmgBaAHjNSA9RQBKvFADjQAjUARNQAxjigB0ZzQBKPagCRRxQAEUwInXnNFwKeoXK2tnJM3OBwPeqjqxpmergpyeRWhqijfI7qNh5zxVIZVisrnzPMZvr9Kq4FpYWRMqUbH+1g07jKtxE4OW25PP3s00DKrGdTgAgelDJNezUvsHc4rKQM6BV2qFHYVkzJhSEKMFT7UAQgZJ+tICUDigB2OKAAjigBnXOO1ADaYBQAhoAMUAC9aAFHXmgBaQDx0oAetICUUAFACN0oAhJG6gBpGWoAkAoAlQUwJB0pAIetAEMrAKSSAB607Acn4lvlleO3ilVkA3NtOcmt6UbbktlKx1LaBFKcYGAato0jLoasZWQ7ic+lSbIt7CB8tIZFNFKSCFTHckdaaArhRkkoufpVANdASCB35oJNHTIgSZSOBwKzmyJM0cZ71kZiUAIaAAUgHr1oAcORQAEcUAMxigBKYDTSASgAoABQAdvegBM0ATjpQIevSkBKBQMQdKAGMcUARd6AFUUAPXrQBKooEKzrGpZ2CqOpJwKdm9guZF94hs7cEREzv6L0/OtI0pPcVzl9T1m6viVdtsfZF4H/162jBIVzO/hzViIj1oGXbG+aBwrnK/wAqlo0hPudDDfxumVNTym6dwa6Vx1x7U7DEDqckkCnYCGWZdpwcKOpoS1JbNDQrlZ7I/MNwc8Z5ArGa1MG7mnmsxCGgY00AKBxSAePagBwoAaSc0AITzTAbQAnagBAc9qAA0AJnrSAUCmAYpATigRIOgpDHigBOlAEbc0ANxQADrQIUssaF3YKo5JJwBTSuBjXviWGMmO0TzG6b24FbRo9xXOevdRubxy08pYdh2H4VuoJbCKZJIqhEclIBvagBjk9qAE5xzQBJFNJF908elFi1JouRXrbSTGDjrzRYtVCQXoJ6Y/Giw+cLq4ZbcFuGf7i+g9T/AEpEuRmrI6SbkYqR0IOKTSMzXsfEF1A2Jv3y4/iJzUSp3Gb9prdldAfvPLc/wvxWTg0O5ogg9DmswHCgBwFADu1AxDxQAw0ANOaYCDpQAtACYoATHNAD6AFxSAkAzSAkWgB1ACGgBhoAb0oEVr2+t7KPdM3PZR1NXGLkFzlNS1We+chztjHRAf8AOa6o01Em5n55rQQhHHWgA6DNSBG3ORQA0UANbg0AJ3pgOHWgBQSpyDg0ASLICQHGQDQMZK5kkZ2PJP5VIEfc0AHagABNMC9Z6reWgCxTHZ/dbkVMoJhc6HTvEEVwRHcAROejZ+U/4VjKlbYaZurgjg1iUOoARqAGGgBhNMABoAWgBRQAAc0gFA45pgGaQEqjikBItADu9ADGNAEZ4zTAxdU12K3Ux2pEkvTd2X/GtY077ibOWmuJJpDJM5Zz1JNdKViRmc1QhBQAvNACZqQGEUAAxgZ/GgBDzQA2mAvSgAHFAB34oADSAaevNAB0oATNAwzQAqnBzTA6fw9rGCtpdPweI2Pb2NYVIdUNM6fPFc5Q1s44oAaelADDQAgoAdQAooABQAooANtAEoOKQEi0ALn1oAYwzQBQ1a4+zadNJnDFcL9TVwV2JnDmY+WUwME5zXXYkg696oQoJFMBwoAdn5aAG5xUgNY9KAENACdKACmAUALjtTAaRikAHpikAnagBCaAEzQAZpgLmgZIrEYotcDutDvWvdOR3Pzr8re5HeuOasxov5zUDGtQAygYlAC0AOAoAUCgAoAXNIB+M4oAkHAoAUmgBjZoA5vxbcERQQKfvMWP4cf1reiupLOVZvWukkQNzTAXJx1oATdn2oAVX9aADJJ9KkBTz1oAQ0AJnPNABTAAM0wH4OMHigBD0xSATnFACLtDDcMj0BxSAYetACZzQADpTAUUAOB4oA6nwc5KXKHoCp/nXPW7lI6Q1gMjY0AMJoGAoAcKQDhTAAaADNACUgJhQA/NAATQAxqAON8UyltTCD+BAK6qS90lmCw5wa2JHOV4wMUAIOnWmAuO9ACNwM+tIBFJJpAPPSgBDg9aAE47UAL2pgKKYC7iaAE60gA0AMPWkAxjzQAnUUAA60wHA80AKTQB0fg+XFzPF/eQN+R/+vWFZaFI6rPFc4yNjQMZ9aAFFADxSAUUAApgHegApASigBwPNAC8UANb2oA4XxEd2sT89MD9BXZT+EhmQ3WtAA9KYhO39KAHj0NACPyAaQCR/eGakCVuDQBGTTASgB/amAHGKYAGoAXI60AIakBhPNADXwrEUAMJoAA2OaYAGoAcTxQM3PCcirqhDcFoyF9+9ZVtho7Jj6VyjIm60gE60xjhSAcKAFoAUUAFMBKQEo60APHXNABQA1qYHBa8c6xcH0Yfyrrp/CSzMYYrQkQnimAgJPHXFAEi+lACHp71IDR96kBKTkdaAIzigAqgFB4oAXNMBM4NMBwNIBDUgIMbxk4FAEbck+9ADPrQAnBpgKKAFbpQMuaVO0WpW5XtIP14qJq8QPQieK4yhjcg80AIKAHrSGLQA6gBe1ACUAGKAHjqKAJBQAyeTy493foKaGkc3rd1Isg8udw4GcBiMVrFGltDmrmZ5pmllbc7dTXQlZGD3IWbI55qhDGPPU0xCocGgCTrikA0n0NJgNUjdzUgOJx0oAaTTQCZ5qgHg+9MBdykdRmgBpYZ5NACggd6AELj1pAISM0DGsc9KAGGgBAaAFHXigBxoAWBykquOqnIpPVWA9IglE9vHKOjqG/OuN6aFAeKkBR0AoGPAoAcBQA7tQAnakAUwCkA5etAEooGVdTUmzZl6qQwpoqG5xupuzykk5JFbxNJbGXJxW5zPcjYdxTENIJPApiEGd3rQBLwB70gGt0pMBqYOagY4nIoQDGY45qkIj35PNUBIuMgt070wEY5Jx0oAQdM5pgJnJpAITSATPOc0DHZyMigAJoAQelADhwaAF7UAIOOTSA73w/L5mjW5PJUEfka5Km5SLzckmoAUUDHrQA+gBaAEoAKAFpAOT1oAkWgY2VQ8ZU9CMUxp2ZxWsw+XLtyQ69R7VtA0k9DHkOWroRzETc9KYCc0xCAEYNADsnrmkAhPy896ljEU8kDpUMBSDxmhARyZ21aAjx3qkA/dnGKYAaYCjA60AJxikA0jHekA00AKvIoAd0oAAcUAKDQA4H5aYCGpA7TwtIraOqgjKu2R6Vy1dyka5rMBVNIB4oGPA9aAFNMA7UAJQAmaQEqDAoAeCMUAI/SgDG122imsJZHHzxqSGFaU3qNvQ4dzya60ZjcmmgDHSmITIFAC9QBSYCMc8elSxjVyahgJnGaABzlMGrAiHSqQCjg0wHDrmmA3vQANgE4OaQAcetSA38uaAHL0oAKAAdaYCjrzQA4dOKAG5pAami6k1hcDcf3LkBx6e9ZzjzDR2yOHUMpBUjII71ytDHj2pDJByKAHg+tACgcdaAE6UAJmmAmRSAnTpQAqjvQAj0AZetHGlXJ/wBmrhuDOCk612ECLjjPSmA1moAQn0oABU3AQmkwBe9SA09SaAEY5HFWgGjpVIApgPAwOaYCe+aAGikwENSAnekA4GgBe1MAWmAZOcUAOzxQwEA4zSAQnHekB2/hqRpNIj3fwkgfSuWpuUa461AwAlHKsp55BFAEqnIHGDQBKvSgBJVyGAOPekBEDkUwFxQBZQcGkAEYHFADH5FAGXrn/IIuB7D+YrSn8QM4Rh83HNdRA0HmmAw8UAAAPWkwGt8tSA3NIB6nPU0ANahANJwvrmrQCY4zVIBeppgLzigBDTATrSYCdDUgHU0gBaAHGmAgNMA70ABPNJgTCJjCWyMZxUtjI1j5pXA73RIfI0mBe5Xd+fNc09xl9TUjH9R1oAcmc4xxjrQBKDkUAMYk0AIBigA5pgWk6VIA1AEL5xgUAZ2tJnSbj12/1rSn8QM4Q4ya6iBnTBPIouAmcjoKAE49aAGtg96kBh6UAOhPzHPSkAEEnihANI+XpVoBgJHWqAVevSmA8CgBpODgdqAE70gGsecikAq4zzSAKAFJ60wEHFMAPWgBc84pMCy0qtCkarjHU561DQyPOBQB0mneIraCziguEk3IMZUAjFZShdjOgt5o7iFJojuRxkGsrDJ16UgJF60APyMUAJ/DTAbmgAoAuRrkcelSBGXDEgduKBkM80cK7pHVVHUk4p2uBzmseILaSCS0tsys/wApboB/jWkIu4mcxOjRNhsZ9M10EEAOfrQA7Bx9KAIGJziiwDRuzinYCRQe9IB4C8noalgKpIJoGNfkVSAbtx1qgHe9MBueaAE70AIcikA0gYpAHpQAfhQAoNMBBzigANACA/WgCVKkB2PSkAhx6c0gO28Poy6RBnvk/hmsJ7lGsvSpAkB4FIB2ccdqAFP3eaAGA5oAWmBza+Jb6Pg+WT/u1Vka8qKs/iK/dSI2VM91WiyE0Y9zc3Fw2Z5XfnqxzVIloZAyKxJUlv4TnpVolkl9G8cm1+pVX/76AP8AWtCCuiZpgSCPKkDrimkBC0YDUwEwF5oYEZfPTpWbYD16UhhnGSKAAHsapAKSDVAIThiDxTAaTzQAGgBvWkAlSwCi4CdBQAq9zTAOlMBCcUAOXrjHSkBJigAzjipAT7xCjknpSewHodtH5NtHEOAigfpXO9yiyvakBIvrQA8GgYduaAGg80AGaAGT6PZXJy0IVj3Xii41Iz7nw7Hx5c2B6MuaOYfOVZvDLPbiNJYg+7O7bz/nimpA2QxeEtu+Sa7G1VLYVO4HFWpEs5u4YiZlzkdBmtjMjZjTAer4/KmAZBGOv1pgQuNwpNgRHrUjJAPlOKQDWOBigBoOeKpAO6GqAQnB570AJnvQAmRj3oACcikwEPQVLASkAnbiqAUHFMBDQAHpQA7J60APBOKAFyKTAs6ZAZ9ShRcHDAnPoOtRJgd0ZFDBT1PFc73KJIyc9aBkquTx3oAere/NAC89CeaAI3RieJCKAHfN/e/SgD//2Q0KZW5kc3RyZWFtDQplbmRvYmoNCjE4IDAgb2JqDQo8PA0KL0ZpbHRlciAvRmxhdGVEZWNvZGUgDQovTGVuZ3RoIDkwOTEgDQo+Pg0Kc3RyZWFtDQp4nLWdTe/kuHHG7wHyHfroOWyvRFESdc06AeJbsHuLc1rAMIJ/I0h88NcPJRbrjUWpuDuGYeyQQ1Y9rPpJYreKPT/+9PP8+vVvrx/P//708+tffnmF/X2s+2t6/TBdf97yH6fXL5/Xj/+2vubXL3+52tPrb7/CH37+6fz7/3vFd9jziPBe9vT65Y+v//zDn6dpyv+f4b/h2w/hvc61e4H/RvjvCv/dvv2QTc1HHbeX/87TOX2ZVXedNs/f/uuXP73+9Zd//qffs4gsPyswVjFf6rep+p/nKkvJXL79sLwTyp9xeVzfHN/Tkoq+88/Rq2/JtlN8hfjeViFPLH9e8/Kr+VUsP90vf8q6jtd8vOOx20nU2fv2w/bO0dFZXc8szhNmUWT3OCiNZVz6gwrnIsM8bfLv56D6F24/7BT+bzliYanNSkuGaX2HdbWHodVIVtM7kMqeVfjvRtO297LFzrSKcEYmBz5smwpWa6/8N9Qgxe+S9HyBhNVKeo6Sj9l5vqfqJOR4hbzGKKE6k7XuNQv5DpHex0IsnX8dV2zXnNMllXO4RJU0umHgpZGvljmxC5lbzRescFpjH/OsPeydWch5yMNi0jeFamT7PgEMmaK0GwGkm8r8+vsr5NtCSq+QQlaeXp/Xsk/vGLHjizrmd0hnB06pHX99/eX1e9N9XtDxNad3XDbB0674lQkMFw7bkVS+8R6w5+HzrO8Uq8xMNR5CbX873jWNtdN9N35KzJTRsZYalu/kYM50zYaD77aC+b1vi5kscV2wnH0fv8t7Pp80beQeKcCbU75A46yu2zb9uJzvozu9lyncJ2Q+8hW17u84XRfhsb+XgB1f1HHepM+OMr626Aqcr4dxETkLkQ839C0/CY4ztUtmp39D/5328wNjicc/0H4O07z9A+3nm88ebu0fR7UfGCHx1nrebk7zuYOc59m3haIb2cq2Lvp5VjYh877rG2DE59z+Ths+1wJNy8/fgz3vssJ9Vl5oY3UOn2Pdi+TnYAYTdzCr1EQPOrzK8uxAF+8mZm/cB0nS1y5Gpu53Zrkk2pZpu/Lv0Z76+xCYunlNWt5+BTroSGKI1o6MnswqB/cMHQD2P3eWdYKRlubJV5cjE4/cZJ4ywvO62MlQuyncZFa1Eb3//mtie6/bfH66SLu4JkLlKS9xzw+E2CFi1qGp4vWGS39cuODf5kUtOoTzIpg3fRFs0l1e+/reU6JbfFbJuN06Xqs6dZXoa61cmutEKZGXpnYXeP4wROyTT7594FIDihJLbT5A7Wj8vHLx8y03yy8GgvXbyUL7kWmzL56gQxy/be99bzKgbg3y9vPkJIsSacULpOZB3tvwSqkfNvczhHRDsC+YOaq7VzDvceom0r0T/v6LK29C1xRex3tb5ANH3UbzA0IuT2O5fA8xy3ufllbM91np8j6SYTzsGaYjNFtGvFGqJ+dsQrWovJoZC/F7rOPIO5d/WJDyjn4NeRuyB2F8meQ9lX9Vk6/8bX+Ih7o7BXVLRprgBrHM32Mt54NtadfyXQI150/VOVD50Tormggb/lAK6mFTbt/sdkK3kfzJaWr4Ure2JdxDq7Z7aD3gdOupvyz6voO3xrzQtKmb2RKvewKJrSr0xVC966+mzkXQt531eT6vMnRZlXHFodGobkzf4xpblndYY5tdhs7/vtLxXovJtLy3mD+Fnd+UZDJC/tidXr9mP//+mffXH//n9R+v80uW83/ZVYg5xK8454ieH/Ei/vnr/HP+2+n6pFeGYbN8spvOvr9nO3/K///vV7GZVZ9GwjXyk6fUP59GyEIU1n5+le99roXnfUS4pOVPTRtJW/IfSNzVyiPm69ugMhSbpjyynSUWYyhyfwudVxOtSVcktjjNf7vV0MGfy+pGtJW5iYmBZiOGW1ZxM9IZzm/+KGiluRwiqdjsR+2MGJjq5JXb3IVNjFZ1Fks2Y75j1OYXNf3KcMpWBcGfpSBlmQQt+ULdmKD1vGxI0NVERMvge/7RQhGUmxPTVJrcILev43S+FpkoTtD8oqb/ssQp5ZvUchGWL1H5BaksN4lb8/2FkIJmzfeQILSwxZq48mcpSFnuClrS+b0vCsLmFBlJtWlHqE4xBeFcZZmRlN4hPQiiOF+DH1ImBeXmSWrVVJrcYEpWnNBTISkyjPjd1yMoMoDQ/R4MNfZ9XT1ulmOFrxQjNa65y74TWDNvPz5yTjsVUWyUDKKRKC3ePHaWI+R1ocTSKAbSXi+fMhLbz48dsBUSu9FDu97pyZzw1Tx2UN/1eCKFpUlhLKPvw4gmboWhDeXCeAwtx12OjwjPtmtYbdw/fkSC4fo41DWPpoQTdkFwVeeNmekqzYT32YM17JjV+beSmEFhv7mb5b9ZNtIFTZy30BP8Gl3bN9JShCfbBVWE59rVqLOV8fZhXYNVn+o1WtDG5dAibiJGRjqXKTe3h7toURbhmYtphHZNfh1/CxkZ6QgjYJX5djfxICxN9SZexmPbJaxuKRCy0uZGhZOWsjlfyUwetNuZdbxHXjZS0A3UgISOC6upr8KgPfZYICMdYdzcbj8T8JGVt7l8S71dr65xS12a7PE38DkJTNUtNX1sko9R5aLz2Cqe8dNImYQfSMAGfYq4ZPo/L6G5hLf0mW62aEi5MZ4MGKCyKcG1bdZSPdHEJwTOLdsU2rI4o4kJzyP458495VsnJbw0ubnl6YMBJhxM1YSL/DfKlKNO2ot/THuZhGkHGyw9Yx+T0VyaBFRpMrKtnBnJx2CV5OMKN2vBnshi8nFuSb5gwR9ZRCCPYAQcm/gUXZrcmhsAsFQBEDw0upSfDgCXe8x/mYP5BxMsQ0PpR2tpEnClyci38mWkv0aqZB+Xt1mrdUQVk49TS/IFC/6oYvLziBQp+/MczxI0TD+0ucEUvQBUY5UAAUQjTrvqIFAUIAMwCyGoVliiUhzBgAymSUCWJiPx2p0BAoaskEDL3MxleyKMMNDkQoOAYyDCiMM8511WYjyc38cyHK4mM3iN9uJQbFUaJB2tOuWrgwNIIB6uWYRDMULpKoIHcKj20iRxS5OVf+XPwIFiBjzUZW7Wql0RJhzq5EKDpGMgwoRDHrGw/eC8zmchIvFQ2sLi4t4SVmtIBAekDYXy1QOiSCAgyjQiAszwjC1D20OymCaBXJos5JQ/CwmMGiCBK93MlbuiTFDgbKCCQzIQZYIiD1nZjmHe8idrtmmEtjC5uncN1RpCISAxgqG89bAoIgiLMo2wADM8bevQ/oEspkmClyYTPOXRAgMjB2DgWjdz7a5IExg4G8AQoIxEmtDIQ/jTI+3n9+xERmkLi/7HBxhDMAQoRjCUsx4YlwbioswiLsAKz9rYAwQNpkmClyYTPOXQwqKGDajAhW7mwj1RJihwMkAhIBmJMkGR0vnNDb2nm7bz6yB6UVfazGQSb4/usajWEAuBSStQe+thUUQgFzANuahmKG1FtB8MspgmSV6aLBC0RwsMjBy8JsS1bubaXZGml6I4G9AQqIxEmt6Q5CGB3TDOcw1se1GawuDj2xsCo9jCd7iCk1ad8tV7X1IkEBbXLKKiGOEpC0N3C7SXJkldmiwGlD/rHTnGDJCoy9ysVbsiTEDUyfCyVfAxEGHCIf/lKt7oh/OrVPZKP4gXyTDeCwRYQyI4IG0olK8eEEUCAVGmERFghmdsHdpuksU0CeTSZCGn/FlIYNRqMUFd6Wau3BVlVjpRZwMVHJKBKLO3qOG9s+1m2KbzbRNBUdrC5O7eblZrVOrBITGCobz1sCgiCIsyjbAAMzxt+9B2kyymSYKXJhM85dGsp6mRAzBwrZu5dlekCQycXWszOCgjkSY0tplxsR/s3cVXbTN7sxsKMIVQCEiMQChXPSiyAiKizCEiwAblax7CAc2lSQKXJhM45c7CoQQMWMAlbuaSn6NLIOBUAEGAMRJdAiEPCXyLefByuq/aFiaDf4sJ1qiCjuNhxEJ569ZeHOy1FYomIg5ZTFdFD0CBFtMkmUuTydyhy/daKDBywAWudTPX7oo0oYGzAQ2BykikCY08JCZeWbm+N15aufLv3mG0EwywhVwITlp1ylcPiyIBsSizkAowwlMWh7aYaC9Nkro0WQwofxYSGDOo4qvL3KxVuyKMQOBk4EHwMRBhxOEcsbMt5nL+NAPbYkJbWNzdW8xqrRIhAGnkaV8dIEACAVGmERFghmdsH9piksU0CeTSZCCg/VklURg1QAJXupkrd0WZoMDZUKTHIRmIMkGRhxy8+noN7C3IV20Lk4d7i1mtIRQCEiMYylsPiyKCsCjTCAsww9N2DG0xyWKaJHhpMsFTHi0wMHK1bjiwtyG/MdIEBs4GMAQoI5EmNPIQfrvYJ/ZC5Ku2hUX/3QKMIRgCFCMYylkPjEsDcVFmERdghWdt7G6BBtMkwUuTCZ5yaGFRwwZU4EI3c+GeKBMUOBmgEJCMRJmgKL/HQVSkxN6IfNW2MBnd281qDbEQmBjRUN56WBQRxEWZRlyAGZ62OLTdJItpkuSlySRPebTAwMgBGbjWzVy7K9KEBs6mH15Z2HbTH2lCIw/Z2HYzThs/yVOawuDm3m6CLeRCcNKqU756WBQJdLLnmkWHe4oRnrJtaLuJ9tIkqUuTxYDyZyGBMYNS/7rMzVq1K8IIBE6u1f+cj4EIUz3ltLE3YGeh3srehXzVtrB4uB8g1RoWVXJAGnnaV6+2skhgR71W9iaEzPCMHUMPELKYJoFcmgwEtD+rzhKjVk9/rOw9yG+MMkGBs6HYkkMyEGVWZLuyF2DZYFzYW5Cv2hYmHw9kERRgjSptOSRGMJS3bsntyl6AoWjCAszwtM1D202ymCYJXppM8JRHswB3ZS/APmytm7l2V6QJDJxdq3A5KCORJjTyELaxiNvMXoh81baw6N5XVGMIhgDFCIZy1gPj0kBclFnEBVjhWRvaVZDBNEnw0mSCpxxaWNSwARW40M1cuCfKBAVOBigEJCNRJijykI1TsR/iDQi0hcnNjwVYQywEJkY0lLceFkUEcVGmERdghqdtGwMDLaZJkpcmkzzl0QIDIwdk4Fo3c+2uSBMaOBvQEKiMRJrQSBPj4kjiuAa0yV4e7IUCTCEUAhIjEMpVD4qsgIgoc4gIsIH5StMQDmguTRK4NJnAKXcWDiVgwAIucTOX/BxdAgGnAggCjJHoEgh5CD/Isc4b/5q7NIVB/0kOsIUsCDZadcpXD4UiAWkosxAGMMKTNXaaA+2lScKWJiv7yp8FA8as8IDL3KxVuyKMQOBk4EHwMRBhxOEcwb/mXhdZ1w9tYdH/NXe1VokQgDTytK8OECCBgFhkZX81wzM29jU3WUyTQC5NBgLan4EERQ2QWGRt/2+KMkGxyOJ+AclAlAmKRRb3r+sivsyENjM5Ut5frSEUi6zvb4Kx6ipmG4tFFvjDNMJilfXbVfQAFmgxTRK8NJngrbpivAVjkUX+tNbNXLsr0gQGzgYwFlnn74+0OvdJJ3rh8Bue6IU2+22B9/PJVHX2k472svPt6mcKtJ/785/4swDVQf1dAGizXxe4xg/8eAFZDAkl198IED9WoH11z4E+Rpcd6X8/H+RGHB6ji3a0n+55UJIKx+BQKrR5wp5/ckGdCSWpUnqbfu3t/lwo4lDdVBygzVM2+FsWZLHgIPFoIdAeu+dDHyPNk3eN90HhjDRa095650RJLxyMQ73Q5rnzg0HGilwpvwVBO7s9L4pcVC+VC2jzrI1hQQYLFhKTFgPtsHdu9DHKPG9+KJxRRmvaWff8KOmtB+RQcO3gqUvRDQazVzTLNbQkNP7uz5EiG+iowlE7ePJSHMKD2Sx8SF5aHhqf3fOkjojzNKbohsQbcTTX+OufK2Wqy6E5El3aLI1lghcTNFc0q0UYWGiHD+dLiRPwhJiUNkthmTCCCZoslChsDCy00/4508eIszTCBCcm3oiTA+Wwf96UiYZDdKQaOkQeF/9WlBkE3WIdBoja4cO5UwKlekJSoENkcRnbljKjwIpgx8BRO+2fP3VEXeRy8W9RvVEn+9ph/xwqkw1H60g2dIhkrv5dCTMIsuU6LBy1y4fzqIRL9YW4QIdI5Tq2P2FGARfJjwWldts/l+qIvEjo6t+p+CNPHrTL7vlUphvO3JFu6BD5HHgMkT2QLddhIak93p9TJV6qK+QFOkQmBx9EZBNwkfxYUGqv3fOqjqiLXA48itxRJwfaY//cKvthODiNR78MBx0smWWKExdmEITLlRh0NC4fzq8iL+ir8lI7WCrLlAFgmFEARhJk8NG47Z9jdUSeJRSm+JDxR55+XU+77J9nZcLDdViPdJe2SGfw31/IHPx4n1yGgYd2+HCulXABT0hLaYs0hrG7C5mEX96U8BhoaKf9862PERdpDP57izvi5EA57J9z5T85GeQvKNYOkcf1ZpvbnnNlmsUaDAi1s4ezrgRJ9YSUQIfI4Dq2xWVGgRPBjYGidto/8+qIuMjj6t/ieqPOfq1TOeyffWWy4VgfyYYOkczdv8VlBuvvgYp1WChqlw9nYAmX6gtxgQ6Ryn1si8uMAi6SHwtK7bZ/FtYReZHQ3b/F9UeePGiXnTOxTDWc+CPV0MGyOfthIWsgWa7BwlH7uzsbS6RUR0gKdLAczmOYkEXARHJjwah9ds7IOqLNMjj7AXFHm8xrf/2zskw1nAAk1Yf6He06xYsJGQThciUWhdrlw5lZIuUQvxBOlkQa1Qs677lZ9iPhgh6LR+22f3bWEXmRUPXKznF+1hF58qBd9s/Qsh98LgcE6QefS1ukM/q3tWQOVMtlGHhohw9nadnvx69vTgu0RRrj2LaWTIakiAzJREM77Z+pfYy4SGP0b2vdEadfA1cO+2drmWg4MEiqoUPkcb/Z1trna9mPhIt1tFw0Dh/O2BIo1ROSAh0ii/vY1pYZDUniGJJFRuO0f9bWEXWRy92/tfVGnexrh/0zt0w2HCMk2dAhkqle7TnO3TLZch0Wjtrlw9lbwqX6QlygQ6RSvdrznr8lXCQ/FpTabf8MriPyIqHqFZ/jHK4j8uwfGwj67VPnLC7TDecLSTd0iHwO3F3IHsiW67CQ1B7vz+QSL9UV8gIdIpODdxeyGZKCMiQbSu21ezbXEXWRy4G7izvq5EB77J/RZbrh5CHphg6RzOjf5jKDIFyuxOJRu3w4q0u8VF/IC3SIVMaxbS4zGpKiMiSbSu22f2bXEXmR0Ojf5vojTx60y/7ZXRIOBxNRN7RFOjf/NpfMgWq5DAMP7fDhDC/9M07gCf8lp9IWadzGtrlkMiRFZEgmGtpp/yzvY8RFGtVLvufzvI6IU+mlctg/08tEh5W/rsCDfzKPh/9BxAwW3XIdLReNw4ezvezf+1r5ayKyJLJ4jD2ImNGQJI4hWWQ0TvtnfB1RF7k8/A8ib9RZme6q3zn1zvoy2XB8kWRDh0jm7N/mMoMgW67DwlG7fDjzS7hUX4gLdIhUzmPbXGa01loLfiwotdv+2V9H5EVCZ/821x958qBdds8AM91wrpF0Q4fIp3/fwuyBbLkOC0nt8f4sMPFSXSEv0CEyObZrYTZDUlCGZEOpvXbPBDuiLnLp37P4o04OtMf+2WCmG449km7oEMncBnAhgyBcrsTiUbt8OCNMvFRfyAt0iFRug8CQ0ZAUlSHZVGq3/bPCjsiLhG4DyLgjTx60y86ZYaYaDkaSauigbJ7jvbCQNZAs12DhqP3dnR0mUqojJAU6KIfn+BFMyGJICsaQbBi1z84ZYke0KYPXeCcg7miTee2vf5aYVMNBSRQNbZHCgVNAZA5Uy2UYSGiHD2eKkZLqqUICbZHAwZNAZDIkBWJIJhTaaf9s8WPERRoHTgO5I472tMP+GWMmelEnEWqHyOPA1/3MYNEt19Fy0Th8OGtMoCzq9EftEFkc/LqfGQ1J4hiSRUbjtH/m2BF1kcuBr/u9USf72mH/7DGTvS7ya8TawZI5dASEGQTZizqR0OKoXT6cQSZc1kV+fVs7WCqHj4EwoyEpKEOyodRu+2eRHZFnCR06CuKPPHnQLi1k8hj+K4vrPsvj6qUtjjn7f2WxWsPj6uL4unFEW3nroVJE0HH1LfF/j640xVHysd9YRHtJ5HKWcSUH0h+JXrdF/KZQGUixVTrL6HudYAIDmufw3xGC9rM0IhcTWk/Rb+LfRaP2AACM2jobTtGLU/UGAMobi+W6Xi+zIiblGrkQ7Frn+vxvPJKRA+SVd7al/VXbA/Lw6iwkL3hxYnuKTB62bXk4aYtc3gr/6DW1wahywuTtEywMogcjMXr6Mi/jH6KHRiB6edLGgnc1Hdf2uop/aosGbra2OvxZGuNO/gtb1PaJW1JNwXmmG9tftT0mDm3sGxMHbUOc8tEXBwlBcdieNxKHzdukPogjm8pHw9zTo4VZKox65NEN8IKM7n8FwWdx+gHIntwwh57c0CF2NAOvMJnBNai9QWeL1LjsPQjLI4PtmcqTi7ZMpU2GYcK9dOthSBum8ohhGyboYE5S59QvBvtBr9h7Pb9wbSTKTZ61c1R+rAdjxXFSt3TosMCAKY7ocjCywXr9FnonvH4n+cmrj8V5j1h9ao96f4Yp2HF/P5jYHTBykaVNZrWf5nZFlxrcCOlSgw4yVmY8SCQz9QJTR9Nqh1h7SLZICMvzDYE22nXK7Va+vQ+UyJFKaKuHsrV/r6Q9i0wL3m6B59rhFFkYJJHA6KLv4mSW0r2VR0V8L5tgsnRYIusUl8hsJ6a6Gbxei5eOL+oYkMk+u+3yIFztGJVJdiqXm3wz3srUnox756NM8QHwueLDkNl5PjHDu36H132w5puVRBQ62HY14dVepmCH78EKt8OP8RyFDvKgXT48WEk8PtPqnepqk2GYcC/derCS+vY5WjqYE+n05qk1EnWY4pBuR715Sl1tT8wbWPIY+QEFOshKPGuOOCzY4YMFVHwMNqCDPGiXD7CQeMxT4rCQYZhwL92ChdS3bJQO5kQ6vYFlJOr1g+SzdDvqDRzlM6Mj5g0seUyQn2ZLB1kJs9pHYocPFlDxMdiADvKgXT7AQuIxT4HDQoZhwr10CxZS37JROpgT6fQGlpGowxSHdDvqDRxX2xPzBpY8Rny9UDvIyrTILwypwwcLqPgYbEAHedAuH2Ah8ZinjcNChmHCvXQLFlLfslE6mBPp9AaWkajDFId0O+oNHFfbE/MGljxmErKhg74oSlF+GUAdPlhAxcdgA74SJQ/a5QMsJB7zNDFYmGH4wvleugULqW/ZKF9AMyfS6Q0sI1GH7ycd0u2oN3Bc31V6Yq5hOceIrVbtICvbKje41OGCpar4GGxAB3nQLu9hYeIxT3yDywzDhHvpBixMfctG6WBOpNM+LENRhykO6XbUGziutifmDSx5jNhq1Q6yEne5waUOHyyg4mOwUV+2oAft8gEWEo954htcZhgm3Eu3YCH1LRulgzmRTm9gGYl6ffPxLN2OegNHeQviiHkDSx4jtlq1g6yEJDe41OGDBVR8DDaggzxolw+wkHjME9/gMsMw4V66BQupb9koHcyJdHoDy0jUYYpDuh31Bo6r7Yl5A0seI9+fQQdZmSf1Rhw7fLCAio/BBnSQB+3yARYSj3niG1xmGCbcS7dgIfUtG6WDOZFOb2AZiTpMcUi3o97AcbU9MW9gyWPEVqt2oJX5mOUGlzp8sICKj8FG6WAetMsHWEg85olvcJnhMuFBugULqW/ZuDq4E+n0BpaRqJcpHul21Bs4zrYr5hqWc4zYatUOsrIHucGlDhcsVcXHYAM6yIN2eQ8LE4954htcZhgm3Es3YGHqWzZKB3MinfZhGYo6THFIt6PewHG1PTFvYMljxFardpCVNcoNLnX4YAEVH4MN6CAP2uUDLCQe88Q3uMwwTLiXbsFC6ls2SgdzIp3ewDISdZjikG5HvYHjanti3sCSx4itVu0gK2etE3+XRR0+WEDFx2ADOsiDdvkAC4nHPPENLjMME+6lW7CQ+paN0sGcSKc3sIxEHaY4pNtRb+C42p6YN7DkMZEXEtUOsjJv7B9ZOqdghw8WUPEx2IAO8qBdPsBC4jFPkRWBMsMw4V66BQupb9koHcyJdHoDy0jUYYpDuh31Bo6r7Yl5A8tZjc9rDmoHWjkSqyrPM47bsrMGFdDwMcgoHYeqQTvaGjQTFBKOOdpZaRSZLePvZVuYkPKWiquDuRAebyAZiHaZ4ZBtR7tB4mw7Yq0BOdJVI/thU0QN7X7kUQwPbLvwAAGfFobSJuvK2z0cJLpmBjRfTTJaRt9LNtAg1Q0IV5s5EP76YPijXMY7JJtR1hScTUeMNRR5SH1s1SliT7NN8ts2bLugAAGfFoLSJuvK2z0UJLpmhe8eyWgZfS/ZgIJUNxBcbeZA+OtD4Y9yGe+QbEZZU3A2HTHWUOQh4hseaKMJcZglsn+y1QUFCPi0EOijMsrbPRQkumaF7xLFcZHtSbIBBaluINDnUYS/PhT+KENV+bNkM8qaAlU93osxQhHie+blVZGXVkVekAMjnbVs7B9oPH+kWPzWNDMSw3PtWsCf8ay/agk/Y1N/1PJskswyeqBuDe2B2F0eI4Y2GlT+zJ+BljG9TmkwxdAeiywiQNaegqv99NOPBVORF0tFXmIDI53VaSyvHy2KGYnhuRqNEppY+lFkaZLMMnqgEk3k89OkG9poUPnrpx8FUxoST/9YZHX6HcHVfvrpxxKoyMufIi+agZHOejOW148WxYzE8FxfRgkNLP0osjRJZhk9UFsm8vlp0g1tNKj89dOPgikNgad/LLI6/Y7gaj/99GNRU+QFTZGXwcBIZwUZy+tHi2JGYniuGKOEbiz9KLI0SWYZPVAtJvL5adINbTSo/PXTj4IpDRtP/1hkdfodwdV++unHMqXIS5QiL2wpI701YSyvHy2KGYnhuQaMEjqx9KPIq8lkXqNH6r9EPj9NukubDCp//fSjYErDxNI/GFmdfkdwtZ9u+qnwKPKio8hLVWCks8qL5fWjRTEjMTxXdVFC2daPRJYmySyjByq6RD4/TbqhjQaVv276STClgW/9BiOr0u8JrvbTTz+WEkVeRhR58QmMdNZtsbx+tChmJEqLd+lHiRh/tvVjMsvonkwz9SRUpRraaEz56qcexVIK+LZvMKo69Y7Aaj/91GNhUORFQZGXksBIZxUWy+lHi2JGYniuuqJksm0fiSxNkllGD1RciXx+mnRDGw0qf/30o2BKA9/2DUZWp98RXO2nn34s9Ym8zCfy4hAY6ayrYnn9aFHMSAzPdVSUULbtI5GlSTLL6IEaKpHPT5NuaKNB5a+ffhRMaeDbvsHI6vQ7gqv99NOPxTuRF+5EXu5RRnorpVheP1oUMxLDc2UUJZRt+0jk1WQyr9EjVVEin58m3aVNBpW/fvpRMKWBb/sGI6vT7wiu9tNNP5XjRF6KE3kBB4x01j6xvH60KGYkhudaJ0oo2/aRyNIkmWX0QJ2TyOenSTe00aDy100/CaY08G3fYGRV+j3B1X766ccCm8iLayIvyYCRzmomltePFsWMxPBcvUQJZds+ElmaJLOMHqhcEvn8NOmGNhpU/vrpR8GUBr71G4ysTr8juNpPP/1YMhN5uUzkRRYw0lmfxPL60aKYkRie65EooWzrRyJLk2SW0QO1SCKfnybd0EaDyl8//SiY0sC3foOR1el3BFf76acfi2AiL4CJvHgCRjorjlheP1oUMxLDc4URJTQmSj+KLE2SWUYPVBeJfH6adEMbDSp//fSjYEpDTCwtY5HV6XcEV/vppx/LWyIvbYmsQqIMdNYQsax+tCSyEZ9rhiiZ+0apR4FXkyRegwfqhUQmP02iSxvtSWf9tKNYCv++UTqGIqqT/hxU5aSbcixciaxoJbLqhzLMWRUUWa2KVEMW4nMVEGawSKsRL+KuFsm7hg5UAPH0fXRuSxOtSVfdVKNQDPoUKQdDkVSJfgymctFNM5aiRFaGElk9QxnmrPOJrPpEqiEL8bmuB3NXpNVos80VybuGDtT08NR9dF5LE61JV900o1AMOt9cDUVSpfkxmMpFN81YXBJZYUlkhR5lmLNyJ7J6EqmGLMTnSh3MHfvGBsVdLZJ3DR2o0uGp++i8liZak666aUahGHS+iRqKpErzYzCViyLx/wGLyAW5DQplbmRzdHJlYW0NCmVuZG9iag0KMTkgMCBvYmoNCjw8DQovQ29udGVudHMgMTggMCBSIA0KL01lZGlhQm94IFswIDAgNTk1LjI3NTU3NCA0MTkuNTI3NTU3XSANCi9QYXJlbnQgMSAwIFIgDQovUmVzb3VyY2VzIDw8L0ZvbnQgPDwvRjUgNSAwIFIgL0Y4IDggMCBSIC9GMTEgMTEgMCBSIC9GMTQgMTQgMCBSID4+IC9TaGFkaW5nIDw8Pj4gL1BhdHRlcm4gPDw+PiAvWE9iamVjdCA8PC9JbTE3IDE3IDAgUiA+PiAvQ29sb3JTcGFjZSA8PC9DUzEgMiAwIFIgPj4gL0V4dEdTdGF0ZSA8PC9HUzAgNCAwIFI+PiA+PiANCi9UeXBlIC9QYWdlIA0KPj4NCmVuZG9iag0KMSAwIG9iag0KPDwNCi9Db3VudCAxIA0KL0tpZHMgWzE5IDAgUiBdIA0KL1R5cGUgL1BhZ2VzIA0KPj4NCmVuZG9iag0KMjMgMCBvYmoNCjw8DQovRmlsdGVyIC9GbGF0ZURlY29kZSANCi9MZW5ndGggMTAgDQo+Pg0Kc3RyZWFtDQp4nPv/AwAC+AH4DQplbmRzdHJlYW0NCmVuZG9iag0KMjAgMCBvYmoNCjw8DQovQXNjZW50IDcxNiANCi9DSURTZXQgMjMgMCBSIA0KL0NhcEhlaWdodCA1MDAgDQovRGVzY2VudCAtMjExIA0KL0ZsYWdzIDMyIA0KL0ZvbnRCQm94IFstMTkzIC0zMDYgMTY4OCAxMDgzXSANCi9Gb250RmlsZTIgNyAwIFIgDQovRm9udE5hbWUgL0ZQRUhaVStBcmlhbEJsYWNrIA0KL0l0YWxpY0FuZ2xlIDAgDQovU3RlbVYgMTgwIA0KL1R5cGUgL0ZvbnREZXNjcmlwdG9yIA0KPj4NCmVuZG9iag0KNSAwIG9iag0KPDwNCi9CYXNlRm9udCAvRlBFSFpVK0FyaWFsQmxhY2sgDQovRGVzY2VuZGFudEZvbnRzIFsyMiAwIFJdIA0KL0VuY29kaW5nIC9JZGVudGl0eS1IIA0KL1N1YnR5cGUgL1R5cGUwIA0KL1RvVW5pY29kZSAyMSAwIFIgDQovVHlwZSAvRm9udCANCj4+DQplbmRvYmoNCjIyIDAgb2JqDQo8PA0KL0Jhc2VGb250IC9GUEVIWlUrQXJpYWxCbGFjayANCi9DSURTeXN0ZW1JbmZvIDw8L1JlZ2lzdHJ5IChBZG9iZSkgL09yZGVyaW5nIChJZGVudGl0eSkgL1N1cHBsZW1lbnQgMD4+IA0KL0NJRFRvR0lETWFwIC9JZGVudGl0eSANCi9Gb250RGVzY3JpcHRvciAyMCAwIFIgDQovU3VidHlwZSAvQ0lERm9udFR5cGUyIA0KL1R5cGUgL0ZvbnQgDQovVyBbMFs3NTAgNzIyIDcyMiA3NzggMzg5IDgzMyA4MzMgNzc4IDcyMiAzMzMgNjY3IDgzMyA4MzMgXV0gDQo+Pg0KZW5kb2JqDQoyMSAwIG9iag0KPDwNCi9GaWx0ZXIgL0ZsYXRlRGVjb2RlIA0KL0xlbmd0aCAyODMgDQo+Pg0Kc3RyZWFtDQp4nF2RzW6EIBCA7z7FHLeHDepqdzcxJlvbJh76k9o+AMJoSSoQxINvXxZw05SD5mPmA2aGNO1jK4UF8m4U69DCICQ3OKvFMIQeRyEhyXLggtkN/Y9NVENCnN+ts8WplYOCqiIfLjhbs8LuwlWPd0DeDEcj5Ai7lqO0wq5us1u0/sHJMaR1DRyH62EvVL/SCYF4d7/l77+a7k/K56oR8rCRhUcxxXHWlKGhckRIqtStGqpnt2pIUPL/Ga4mb/YD+6YmGJkz0rR0osfcY1FGPIRoHrEI0XPEMuBTxPuAx4jHgFnEUziqiHj2mG/3XjwetuSH4J4iNsEtQ1nb868V+oncesgWY1z7/OB8264NExJvw9VKey9+fgEI+pLEDQplbmRzdHJlYW0NCmVuZG9iag0KNyAwIG9iag0KPDwNCi9GaWx0ZXIgL0ZsYXRlRGVjb2RlIA0KL0xlbmd0aCA1MTE4IA0KPj4NCnN0cmVhbQ0KeJydWgt0U2We/3/33ryT5tW0aUPJDaEFSd+FQqHaQGnRqbwLpEChoUlJIG1qk/JaOW2HRSCAyFEH3XHPurN68Hm81VEKM7uyR5R1dUZnXOfMHldlzvqY2R3ExzpnBmm6/++7N20ooIxJvnt/3//7f//3/7sJBQgA6GEQeBC3xnZ3bfpfSwtSngFQ10bCwVDj9H0fI/4IabURJPxK94odQDMF59Mj3cld29VHG3Hux/nsWLwz+FtDlxbnSZxP6Q7u6p2lsXA4vw/nYk+wO3zgv8tewrkEYDvUuSMp7t6+9DaAwnoAcrard2t37aZXLwG4rqDOx3r7wr1v7Nv1CsC0RwG4zwElAQigArRWA1Bl9ViLPVaPAFdE/uwVvwq+AVE4i6zwAICqV3UGPbNDmb9Qe9xg0NuPA6+3mfcKDiHO2XUD+lz9ds5XMVrvq7gIDQ0XrXUVF6sq7Z7qPEeu4PFaPaSmunbO7BKv9wHuiz99nf46/dmf03XkfHzfto0DQ6oz//PbDy6PXuDv2LCkqQPNhwdRZxR1GmC1fx4IFoETjls0KzT3adDaSo1f87ZGiOOF02i0PNqCRtnUHKfWm/RxTtAOGIyGjD01NRUV0HCR2dR+V9/FdmqX1ePAQd8PCv8yquX+dbSBz/mmVHUmff4P6XfTH6Z/Sj1/BCN3G1pRANOh17/IYLfYbbYhqyXXarVY7GAoPA5Oi3PQecEpOJ0w/TjhrTaw3WMnFoPVXmAbsFrFveoSdZybXjAAxTAeoZoKNMZaV9cODfX1smEX62x1dQdU5b4DOXvPEWtdVWWNFaOH4VNr1Jq8/Ly8fLuHL5mBEbRaa6rn1srRfIT76tcfHIxsmB9eWVyw2fJeGr4sn15128yX3W1ldevvPq86c/srR/YMz/Xmu1y2HWJ6HTm7rnDa6LN8JFf3g8old9JYP4Gu9qCXPJT4ncdUb6k44HkbN3CMJzyvGujRCjxa7kMbMbNVlaSdhu8J8lp6vurM5WYq4WGMkx0l6GCP36ARTZaNGovBuJEbGbvwAk7w/rn/ViQs5/waiXtZIwBnxlp2awQN4bgfqjW5arVGw+lQoVpnU6s4otFxgyqDqofTDOr0Ohq4i/ix2urwg0FrqKfRwmDtPVdVCe3tPnzZPYTmEy8Pk5PcTPJ0es3oe+m1qjNX3uV9l5v54ivvUVs3jX2qrlG9Ax6srEoR+CI1+HWGWjhOSJE9Nzf/uFkoOq62EyIW5u6128UB3svHucK9+mn6mGJGDbNELqqaCkwcUqlpmDRqglrwitO5ObNtc2trMIP5qpIS7zS1IzcPW2DuHH4n9/PX02/8R/qb9KkXX3v5wStfffEPM9MtrqHQg8MvPHpnqo2zk6rRY4c6nycdH31OOjcuCZy+d9nqwFsXPnuzdE4Kq5JTqlKDHfm0v/IODfmNntyhXUvW6u/RC1rQaHR6DKtOpdNohtQqjK1K0HHcEC/k8rygGxk766+z5NbqBP39hAhqDcfbVAJ/D38IG4joBWE5T+7jL/Acj6Jwp19N1Grer+vVndXxuoKK9poaZ0W7LR+Ltj2flTAWMeajYtRa52MVvPfcgXInu1nO1R+w1J+jRdN+V7FH4yH4NnDClNErS9JV3AzyGTcjXXLyJ//45Ze0lrgKzjz6Bc1SBfb/fczHIn8Op8EOV9k0HCcMaFQVNaPVtKMbRuvlTqbvClUwXZ1ekK7GDv7RN5KwAmWcxKPtEmZaD/WnQYMl6DGZaw1YY5ofqy1Wa61azek1nFPPqdXkcAP3IcdxWOM1FVassAb0x3exrt2npFStsdbWzuUvpUOhnx19+5OFqncul/G/unOTjyxr/HmKWvyQ0gMGmO2fyt0f1xGdziAArzHYBM2A2qTuweBmn0uj9Uoho9IJR+j7IfIquUTOp+vS1vQC1ZnRMY5gbFaOPkf1nBj7RJ2LepxQ7i86pCUGvtnOOY5r7WDhnQNcIdfD2QbMBeZMz1AlF+/CQ494rLTN1N5p5dyMkjmoiFXkHGEFObfy2c1/e3r76FNHC2eRc/t39O/HrvnRDz991ls1te2xdUdi/LYrQ7sO7N8D1AJMzfzfnWv70/7N5vqvwaWlDxJ4fOXZ/6P33xgvzE4nRo+YBrVP49TA+EHep/3l6D0ApvPpRDppGhxfybxMair6PDyA40F1HTzCF8ET6qfgYRybcM4hvYJDqaq1cBJpD+E4gVtyYRl2r0CKyd+Q/+KWcb34Psm9x7uYBhN8CfWwBR90HFiwrtrxtFupfgxPO7rawqfG7ZijeEevBpzJmMMa9CuYh6mwRMFCFo8KjBBWsBrpdylYA1Vwt4ItyJXhtyJeQC0QeJRvhGcVLOBz5jTDsrXvK1iAmXCRYTXlJw4FIz/xMKyh/KRJwchP1jCsZfS9Cqb0owzr0Ipt5EUFE8hT9OqQP4dzK5iHeq5MwUIWjwqcXFTBasjjhhSsgS3cCQVroZK8omAdpLi/KFgvXOH3KdgAXdoBBRshov1YwSb+oG6pgnOg2fiugi3YyxkbrIhfZVifFUN9VgwN1HeTS8Hou8nHsDGL35jFn0PpptUKRrppM8MWGhPTPgULUGI6zrAd6TbTKQULMMv0OsO5WfJzs+Q7mD1fKRjtyeEZzsviz8viL6B6c3wKRr05dQy7qJyczQqmcuIMF2XJKcqS486iu7Po05n8Ewqm8h9nuIzR31Awpf8nxdqsOGuz4qzNsl+bZb8xi9+YxW/Mir9Rif+TYnVlVa3YGgmLS+M98eTu3rDYGO/rjfcFk9F4T7m4MBYTV0W3RpIJcVU4Ee7bEQ6VL+yLBmPioliwc/uq8Nb+WLBvfG+ZmLUoKqtrw30JFCbOKa+uYctlbFnmjCbEoJjsC4bC3cG+7WK868bG4HEThz7ohiDEYCGiKEMiLMJrEDphO+JsnjgeP7uJCY+IbdADf7jhnsl8PTehJ5tnNSTx3gMhvPbh9UZ7JvHxf8cP8//Mv4zjNH+Gf+ZG+67hexLXq6ESD7laRK0QQctFWIoWUauSsBt6GaWR2djLrkGkRxlHOa4sROlUyyqkbcX9SUiwWRjvYeTegdcQclLKVuhntvRdR0MZk3V9b6/eu5bJTSg2iHgkl6MPNVm7y7J2Z8uMMtuCOJLMjxBK6mYy5dx1fa8YXMvZOo4WM96dyNuDHoiwHHV04axz3OdVrGaizJNlbCWCFGp9AkqRtoLp6mMrUWb7arz2s9zLcRAxe3UwD2NwrSXfrj+zT86jiFS6P8mikvGzD2WJqIVWW4KhMLOGxirEskzz3sNszY51RlaQ6aY7u5lEqjeC9ncziTQjScYdYbpozpKKhgSLcSfbm2TrPUwKve8ez1dUqbheJpta1MmsSjBtcr5prEQWUWp/P9OWqYYJq+QcJFls6Xwnkx1RtIcV3jiTJevO0OVsJZWIdCqVlbiGL4kywywqUbzLsjsVSj+LdHlWBcZZ7/SxeMaUmg2zauhW9mTkd7LdOxSdUcVPuibHciIGXayLYgp1IqpRJbZxxY8o4+9ns4muSrDKijHrrl8RXSyD1A7ZkzA72ag0uSpkeXHst7CSGzn21APZn56seIWY5q2MKu/fiStRJX+UJ4Z5l+sjjtetuLZDibQsIWOP3PUxpTJEFsFOxfsoy1iM8fSyvpErsYftLJ9U19HxmhJxdZeSlW5mC63KHUpXyidEbNyKbjabqNtMj05E7GrvOhUdW5iEfhbl0FVVGcYvqf3jcaVV3TnuXxerapHlfxeLbIJVXHL8JJAzTm2XOz2pnDdyHyWUCps45+TVbpaPIOxh+2WrqdxOtjpRZbL2EItWL+uP3eNeZHTT/TvZepBFok/RQbtHjmKS7c9YnJHeyyqom51zGdvK2ZMniWvz8QdCBcql73LGlX0ilrNzqRs5IqyPYoi6EfWwDIXZLAGbWZ/GFN6wIp1yf38t2Wcl9S1D2az0Gs3ThJ6lrA76WD/KfSznuJdFM6rUQpdyxtIabUPcr2QoO9ZJVlOJLO5Mt3SOnydhFvers1U6KeJRZe/EM0KeB5XTN9PpSbYWYpW7+6ozMqqcdRm75B3yKdl3DaVr3IfSa87R60VHrooQ64Mk25P5/iHrLR3XM9kDuRqze+96MdupeBpl50IM9YSUbzbXxp7ukXt9JvLfwnqkm3Vy6AbSZRu+b2wnpIfGu0Xu4sw3h4lOudaDiSffZLsWZNUA9UT2ZfL3g8y5FkLKTuZ5nPXwt9Ve8Kqqkp9GceUqeyXjftZt/ePP1kw2M3Iyz4Bvq1H5BM98Z5iQPnEaZb4/xJm9W1ik5dzeqN8n199Ex8tnQBxz0MfOtQjOJ35JBFkffPcvDpkvM//dTfxKoTzZv1jCN/W7JnzVL4mb/80hc2ZLovG9GY3IJ0wVqoQWYYlwK17rbrRrEle2nz034V2Gbxmu7GD1SE/oG++azNXHvgdSj2+052ouAPZXBn/WFYRecMIi4VZwIC5BvA1g7FP6z0djv2dXxOnY2Mfy3nR07PeqdwC4v4xdYvePx/4If9VLq4zvehE7OUFeIycU3ErsDJ2gf3UixxCm4A5Qje0cOzX2DTwN7Yhbx34y9g33FF90laDdcDfb+SqO10gCd/eRh6gksokcI3PIA4gfweHE8Sl5nLTChyQCe1DfL0gDmYX3d8id8DMohgDpxZ86z8Ar5CgR4DA8RHJJNYkRJ1r3AnmIlJPbSSNphD+jPSPkfZLmTsNLyPcSvA+X4DIRSA7yTiOlZAH5Aer5N/gEPke6Dv0rIjOQuox0kiHya/IBZ+amknvJXvIq+SdyCWmb0OpTxO+/dWNb6+rbF9bOmV1TXVVZUV5W6pt1y8wZJcXTvdM8ontq0RRXYYEzP8+Ra7dZLeYck9Gg12k1apXAcwRKieRsDAwXaHwuj8fTVqbMC6+eS3yx5UuPBDaXx2utGedyTdo1ZdK8aNJ86vh8mQS5UrO3cTGVPAzNn0hgl0iuBFQNsS9FVcqmptA2b1NUKmgMdXTgjsVeiyg1f17BbFFkDxv0jd7GsL6sFIb1BoQGRMjbO0yabyMMcM1N84c50JrKSiWbT+KKm+jYJvkPdyDwLkZJuGKfWBkZO3skewlwWwbZZUQkdaOkYXrFqOQPSnBYHC49mzoyYoEtHT5jyBsKbsTQBdHGYeCLmyKtNJBNdHRERElA4eziQorYFBFTXhqOpkgHXr2Lcdd16UjWNQYOeM66JBvemySrT1qCHEv2fOTiU03OqEinqdQBUXp0ZSB71UOvbW1tTjQ41eRFgSisadsidMVZUVYq+6QEINSxjercFqR2Nm0TU4fDzNYjzAbG2hShifEfDn4XYyrVFPI2hYKhRbKCRsnfym7Quj7AfMToLW5TSAoDrghspWNxm0eOd8uqQCO1zRtc7JIzP07pUChIaMositSCO1CAJHaKEqwKeJF1Hr2E50Gqcx6rH08bwV0rJnZJqmKLV0x9DRLp8F7849WUoEJRF1u+Bgqbvc0dqVSzV2xOdaSCI2ODW7yixZsabmlJ9TZ1oNYVAdw1MnbmsEtqPtImWToiZD6GnxZB86pAg8tjbctMV2SmgFWFtWVg7mAU8HOHcsMoQ2vAI2Kg1gTaXBinAMWtiOU7rSWs3XmYZiVsNEbheePhaVSgx0ML9PCIH7bgRBpcGZDn+C3N9Tz4K3yYjw66cjaz4lhDVwYzK+PbO7yo5afsLwwOSVsy/jFb8uxNkfkSyfuW5bC8LtkbA7yLa5MR5+Ip0vuw2eulfB/imb4UJuFtr2TxSarGwFlXfZtoseIpQNO32tuycn1AcUziGlsD2aTMOTGJzQYtpKUVSxLPhUXDXnJw5bCfHFy9PnDaAiAebA08zxGusWNR2/B0XAucFgH8jMpRKiXSiUgnVNIqnGgZv+u0H2CQrQqMwOadIwQYTZuhEegc4WSaRVZUwhT5gcMVQV7xZ7gFpGll2iCjsdcwUG/9epVf69f5jZyJcw0TSnoeKWcw5joCLxiJibiGcdcqRh4hg8M6v0vmGEQOv2zhwTUTqtesD7xgBNzGrqhoEX1h1AYxvCskQoO8IeDxWiSx8HVXynJRDrzErb5e6P1Tp+7KK9qZN2VHnqs/rzCZV5DIe6vnrTh3rGcwzvXmoWP+oqJYPC9/Siye74rHBmJcLF6wvSfPtb1noK9wWy7lGCvqiuY6pnRFHa5jXaQrWhCO5LrEUytODZ6STl04pXKHSTiy/67Chxsve07guB/HcRxHcRzGcQjHARz7cezDMYRjAMdeHNW/fNPo/sWbdvcDb5Lpb5Kn/53s2R1yP7u/2n1SMrqfk6rdwzjMEnnyQLX7vqFq9zEcgyPkxxtz3Q/jONFudT+I4/6NVvdxHC/un+V+aWCW++g6rfvwunz3IRwHAvnu/Tj24RjcOzgwOMQPrbO6B3DsxfFW4MMA1xm0urfgqG7fYHVvxBFYa3Ovw9Gwlvj/PrjG5O7AUb0BL2txuOY6nLUOxxyHbbbDXOMwVjt0VQ51pYOvcEC5o7TMPMuXM/MWc8mMnOnF5mneHNFjdgtj7qn8mNs1pcjkLCg0OfLyTTZ7rslssRqNphyjTm8wqjVaIy+ojEA4o9lMGsybzQPm58yCRUeWw3J+uZp3LdC6zfO1br5O64Z5WveKmlYfkWwtgB0l2QneVy+SanwtmLdVUrWvRdKt2BAYJuTeNqRK3EFshlZJOIj134pPsfUbAiOkgC7vZw+100DI4P6jLuXe1uYrkna1rA5IvUVtUj0F9xW1Af2/F4lEIun7thd5fs3gmqbo4cU+mZ/4ZMCQL5Fhk2lsLtNQ8DWifJRGyc4Ma0JyStXoqswwrKOehlYt+n9XovC7DQplbmRzdHJlYW0NCmVuZG9iag0KMjcgMCBvYmoNCjw8DQovRmlsdGVyIC9GbGF0ZURlY29kZSANCi9MZW5ndGggMTEgDQo+Pg0Kc3RyZWFtDQp4nPv/vwEABX4Cfw0KZW5kc3RyZWFtDQplbmRvYmoNCjI0IDAgb2JqDQo8PA0KL0FzY2VudCA3NTAgDQovQ0lEU2V0IDI3IDAgUiANCi9DYXBIZWlnaHQgNTAwIA0KL0Rlc2NlbnQgLTI0OSANCi9GbGFncyAzMiANCi9Gb250QkJveCBbLTUwMiAtMzEyIDEyNDAgMTAyNl0gDQovRm9udEZpbGUyIDEwIDAgUiANCi9Gb250TmFtZSAvRlBMS09aK0NhbGlicmkgDQovSXRhbGljQW5nbGUgMCANCi9TdGVtViA4MCANCi9UeXBlIC9Gb250RGVzY3JpcHRvciANCj4+DQplbmRvYmoNCjggMCBvYmoNCjw8DQovQmFzZUZvbnQgL0ZQTEtPWitDYWxpYnJpIA0KL0Rlc2NlbmRhbnRGb250cyBbMjYgMCBSXSANCi9FbmNvZGluZyAvSWRlbnRpdHktSCANCi9TdWJ0eXBlIC9UeXBlMCANCi9Ub1VuaWNvZGUgMjUgMCBSIA0KL1R5cGUgL0ZvbnQgDQo+Pg0KZW5kb2JqDQoyNiAwIG9iag0KPDwNCi9CYXNlRm9udCAvRlBMS09aK0NhbGlicmkgDQovQ0lEU3lzdGVtSW5mbyA8PC9SZWdpc3RyeSAoQWRvYmUpIC9PcmRlcmluZyAoSWRlbnRpdHkpIC9TdXBwbGVtZW50IDA+PiANCi9DSURUb0dJRE1hcCAvSWRlbnRpdHkgDQovRm9udERlc2NyaXB0b3IgMjQgMCBSIA0KL1N1YnR5cGUgL0NJREZvbnRUeXBlMiANCi9UeXBlIC9Gb250IA0KL1cgWzBbNTA3IDg1NSA0OTggNTI1IDIyOSA0NzEgNDc5IDIyOSAyMjYgNDUzIDU0NCA1MjUgNDU1IDI1MCA1MjAgNTI1IDc5OSBdXSANCj4+DQplbmRvYmoNCjI1IDAgb2JqDQo8PA0KL0ZpbHRlciAvRmxhdGVEZWNvZGUgDQovTGVuZ3RoIDMwMSANCj4+DQpzdHJlYW0NCnicXZLLbsMgEEX3/opZpovIjyZOI1mWEjuRvOhDdfoBDoxTpBojjBf++xIGoqosQIeZewUX4qqpGykMxB96ZC0a6IXkGqdx1gzhijchIUoz4IKZgG5hQ6cgiq2+XSaDQyP7EYoi/rTFyegFVgc+XvEJ4nfNUQt5g1XDURphFrvZzkr94GAZkrIEjv3d7LVTb92AEDvtOvSvv6r2T8tlUQgZbaR0KDZynFTHUHfyhhAViR0lFGc7SohQ8v8daU7Ka8++O02K1CqSZFOXhJnDfOvxmfDkcUO497gl3HnMCVOPO8LK44vDLPG4d7gLVgc6RubxSNXQXJHV0WNNVsH5RNpQPZPWXyFNSFtTJOHq93Tcaz7yZ7PWNnr36C7ye9hC4uNjqFE5nZ9+AV//npINCmVuZHN0cmVhbQ0KZW5kb2JqDQoxMCAwIG9iag0KPDwNCi9GaWx0ZXIgL0ZsYXRlRGVjb2RlIA0KL0xlbmd0aCAxMzgzNyANCj4+DQpzdHJlYW0NCnic7X0JeJxV2fY5M0lmkskyWSbbtJ03nSZpO1naJm3TLZmsTdpsTTJtUpo2k2SSDJ0szUxaWlosO0RxA1EUERVBLep0yhIWBRVxZREQBAHBz+/7AK2CoiLY5L/Ped6TpRR+/+/6///7vC7S3HPfZ3vOOc8553nP2ynKOGMsjh1nRqYNBg4PXPnrvZXIuZ0xW9GQz9t/6nDTX6CfR966IWR0RN1uYSw9DellQ8OhCzpi716PdBnSNYHRPu9L90Ox9KP4qB/2XjA2ujI6BemHkNZGvMO+l15o/RvSv2Vs1VV9B0Na3ZPj8YxtDTAWff/A2ODwGzFPXc9Y03LGElxj476xihWxv2dsdwe6+x2LZmw6aHwiOhGjNbENrIk1s0+HL3d13s8SeBtLZxv5nXfaamrMhabv8GpmYBrvYGbGebU7KcqQcHd2doXz7rUx1xiTG6Z44R0VpmsMBlZx5sUzjxafefF0yobi07z4hZdffNn6xqPJG4pLXn7q5dWr7O607IS7A2i61nl3YK0x5pqAMblCtHfHBircBtM1ARjJrHBlP+p6tNj1qAtmXKtWd/HknGSJtESDyZQW41xaZFibn7eupGRNuWFtaZ5zaaJB5pWuW19uLFmzxGBMUznlBpHmxif+sdvYcibGcJGzYmdJ9JLspLSEmGjDosyUws251vbzcjcXLTYZTTHGaLNp+fqqpdsDtUufMyUvtqUvTjGbUxan2xYnm878Kjrx7T9FJ75THRV45zpjzKY9FcuMn4kzG6JiYqaWZGat3JTTsDMp1RplSbUmp5tNKcnxy2v2nLnCtkjYWGSzka0zTYyz22fejnHB+5vZ08LrbmtP+Vi5IWHVqozi4riizMzsqZlXTll5E/j1U0k6J0j+66l4ya+csgg2JLuXLFsdHx+Xiepx1iTxgYpxcagVl4kqcfcakhmbedCdhQRbtm6HJTMjoThzdVGMY/kOhyfFE+1hFfhJydiQXFLBi59yvewSP2uSS6yzKnnDluKSkuSS1au6sYzntJE5ZwSLlquWINnJE41C5XNn8mxmqVi9JYYMXsKxZELaYlzmNEdWRk6q2TBdYrTYFqfZlqRZDNNbuTlNy8rUUk0F9iFt1bLMWH4oml9hyXbkZQ0n2VPjs83xpuhoU7w5avCd60xxJmOUKS4GS3TDbP6tK5fFZy+3/2OX8dYlK7MssamLbdjS3TOnjTcYf8JcrJS9JldhZfG6inWj64ypGjyYqsGXqak5BVZ4skB4skA4tsCaZOWNBVP873fWuG5xGVxYmTtR01UaNTXzklgj8B/EGsm0RfIrd4hGUVOGOHdOTsEPj0d9PMrwYBR/PIpHRS0qfj5vW+ZrPYljiYbE2NcWNeEcPdV9ukKcou4D4zhIchXWvODqlkKcCpdch6VRBT8MHJQ28oqfD+RtS8x8LcASrYmGJGPiotjXArCF4/TQvr3drgrRrlseJ5ygnLQlBnF6pOPTEmPmHxZb/jp5pEzGG/KzzkSW1I3tcPc3FMebLDFGg9FkWbfzgHv0tvGNmw/c3Hf+p3oKbzUePrRlT/lSg8GQn7P9gp1FtmybKTErJSE1Kd6SlZlafmTqSOiei2trgp/rTL3kuqJGH8IcZzfMvG28Gd5fw6ak75NSrPBVqvioKOUrU8WGx45O1Q9Aqn4AUvUDkKofgNQp/pbbvsRiRV2LWB+LOAIWsfstYs0sKL+buZFkS6xTPMYdV7htZdayhqzG6Eax7VM2VMDDxfqe1zf8BriXuVz2k4WyiSUwr00mNXIt2OOlRRAxpnn7W/elbd06ycabzSlaZpaWYs4salhVfrQGSbmnY1IWZaQvtpoaP920+8LGnCyzxRwVhQ9DUtPemmWdnjMfVjnGy8yWWKMx1mI+5GnZMnB1D8Mevnzmbb4jupjZWA67Tfjx7gpni3PUaUwX/oE70nV/yXSq5JeEX9N1v6brfky/z3CALWI28rJNb2XTS8Gvyy1sgzvvinO40dIxxcvvyLI2SD8+fdql79OnyIVyh57MEpXuDFAteO7hs9ymeylVBPU8xO+SNem8XLnGlEoeSy3YtNElkDXnCnGqo3C++aqNK1dsAPAcWzt9rfFq449YOZ5l+3i63FW2lMKtYkNsNWM2WzVrKm/cWlIxNfOWmF2F7gPwS3eJogpTC6Q7ISmFN7bYo5JWGUtMJt1h9imE0ASIwhKT3W4qKYxiom6pCKqdootOzYpmnStz3RZwbtIqk7Fs23Px7a/YbD1lxlc316/Uqp4t23bes1oLq5DHu+J0snhSPn0aUZMXu0oecbkecmVsKMaPy5WMTOsjLvy61Id4hOZLu/HbngvE22ztrwSE8c3GVwPCfFnVs4Gybdp5zwbQBQ6+OPMVLtGHy/qwC/b00+9MT7fJNcjLj4mxpaVnZCwx2uY9MtfnibWQn2KB0jNysCz0nEVtETdSS/Py8xONesp4dWrSxc5Fa7qPN6/vs6dkVK77XfVYW1Hp/lsPDN/QW2DNWa2tLl6T61hWuufixhVbHdyanDw97etetbU4w3fe6vrijPZ9O17VVmTGXnZwu6/cbgw5Hct2FTdf0F6wOD2laImzyBBnyNnStal8zLM6191VmlNeVpKV1ViwpScvt7uq6UhHYaw5Z/qNPYNaWcPyrgHH+vozezdWGMxZhSuW2yqrF68qF2dlD+J9BSJOCXOzv8rdoSVVOaqKq4yW2IzSeGyIUhFASkXYKJVRvnSK/82dyPLzkxiPZ2KR2UaxZ1B1o36+NuonZKMK8hunDGZ3WnLGD1iptdSw6cFSzkp5aWlR5copbncnPb6UL10atfi1om1bno9vimLFFXqkl3uh+8DebhXwH3Lt7d5QTBFpDSLSXkT8BEsGL834QUDYWyoNpgfYUp4eBZtFi18LFG2L3/J8QNjNLKb1LxbBX26Bbnn0YsRJy1u7NmYu5pesleFrdv2j5Jk0zS73uvXGCusie7YjcdMndmwN7igsD33VfzR9dfOGLd6G1fHm+Ngok71q50Cp96qOvFuuqemvcnS1Vo5uyYyPj4mJj99dUZdbN1DZOLYtt660da19sXOx2ZqVlLU427k4tcBzUcdDGYUVK+raq2roqcDLow8gnu2gaJbRkjGaYWR69Gd6XGK615mKSwxx6Y44a50MRroDRQQ6JbMQec4Zd94da2ZDTHSZmUIMLr1s6fR1xqPG+9kydkCM6h5mn3ndvRb9r7fzFXaeKXZMXibPS1yXaMiP5dlusSGyeVYZeFMWdzRkxaU2xG2PamHb6aq1oQKDc3W7eHc3qNtld8cvqJSp18Koc4y0VOtT8/LyeV4pPVBwcUqVZzM9zWQouSBm9ZpsLdkQczTWapx+wGxdtmTJ0rTYaM6Nb8UkL9UWLUuOmb7Tmhwdn5bIN0SlxBn32DITo43mpIQzRYanUy3R0YmZeLkwireVKI576RLcisrY3+QpyXaIq6VDbH+HOCCOTKyAQ7OIR4ChyL082+ZGuU08E2w2S4GoXCAq03VJVC4QlQvuNawR99A7xbrllegX3BI9BpfoK1yir3CJvsIlUwarO+Fmy4MWgyU7/83Vq03LpnhsxLoDZ9Ny0tShh9Li04ig3fp1Vd1g5U1pw8v648jujstenf9mACaswsYdAesOk7ASCcCMHi6LXRQkE6OcOXgiiXtqDt2RDKYlRi4OijOZIuCsjOKOspa+Aw3T38xYsSKD54Wu61uT7qpcuXZP7fLpM9llu7dFHqpuW5fVnLt1/45H397UWZ3Hg1sG28pX2hz5UZfkOwo6jjQVdWwtS4lb2zZi4MWNaxdNdzs3tZx5YWPnZsd02aL1bSJ+3YBd+AvEr5VsCzspVuZObPWcdXG65+J0z8WpMxGnuzBOXJEybC5xqXWloIYrUxS7xK51iStpLLPFrVubExW9aopH35W3zd5gbdkAeTK6Sbi3ooIeUPRknwtI3fa7qVmeaId3OGoZLZpGAtHy7onGsw8eOn3557gk0VubSQ9DpuR0eqz8oqTvk3uX11S6l827LaXZ7CmmFY1NOwp7J3ct/6atZKdbK3fX5dccqS7vWp/NXz14/6VbrUtLndPl6gRHvYpLk9GI69PhleUrbI2XfWui9uL+zakrqldPf7a9c3P/Uf0+ehSRp5Sdkrs+vmIdX7Gar3an8KbVUzOPS5eu1q/44NeEr1frV/zV9xny2VIWr3s+Xl+SeH1J4vWViBcrkZ1eWMjEYaFbafpSS/TyhkV1yfqFFMcevn4IG7fY+oZ09UvqPoUHgGV+bT1KbJgX2/L5u92bzMm/trQYE+fp6caj5tSl2XZnZlLM9GVnB0DeYU7JWpqZtdQWm5A0fS8fSbBkCxcaTQmx/E/TCe+Oj/94gh+MS8DN1GSJjc+0Tt87nZtsEzf8ldMv8iB7idnZYuHRiCVjEbM+JW4xpyxu6EzrU9mP6GM3meglcX3q7Dt7MCYxI/nq6ITUrNTkjDgedbklc1l21rIMy8ccpUWFWY+a4rCmuAfy1ON2zRoTY9Xovdr4VnQanvHH5SomrxYvFKvEVi8WKidOjztxetw5x+nRDw1erONt+W05cVZ7m1V/SYaz1dPFtWb1KnxiSebXydQrzS6JCNr/xJK8ZUpbancWpJuml5nTcrIyl6aZzWlYhpw0M/9JjDUjJzsbi5SQMt3OH002LTInmKNjrHGGK88cNiWIl9wEU9Rz6nX3zHcNFbHxpqhoZCRkZ5yZOfPZ7FT45jrcf27EU0y9cTnwnmXJF0E6X7wu5Zsx7Xx578kXrsrHK+5dzJ2MPerQneTQnQR+S250IU7JB4G+82VNmcH/7o5NLWzIt0RnNSDcRp9KbJIb/PQCJ7pUrJbxxB2rN0gULe4IyCZwqWuhT+FJdX+Z86h8o123fjbDeKMpZbEtY3FyTNP18tXKlKZlYqebM4rrV5VfWGtKc2Djp8TOPvEPeZo3D17da1iqXrPOvNmyrzq302OYUDn6e2v044jCrXyJ9KKd3lvlFcBqiYfzMsXnWBuve/e76rveaV+jd1qEhSVL0iGXLFlDf3Mj/w5H/vWNlWI5//vdrWIxWsvzdbP5utl83Wy+bjZfX638+/hbWGwrj4ls37ZMvMgmVG4rryssayhszJoXbcQTVK3HBn09kjcUuxa8C4u34e3ibfiOwPZtldJaYmChORWOxJP0f/N2/L95Xc7QT0f04/TWnGpOK6gp2hCsNSNKZeSkmtILqos2hN79Ev2xhrKumlXWwh3bty7bdbDBMfc67dxw1uv0u3MWvGBnF1cuX12zMhUv2o1MrDtjMRtffuOLV0fvS9r8F5ZlFn85y+773dGfCX6m4VDLO2+fOR77e/M6JGPxtOayAj5j2DTjD8Xd/M7bb98c+3s9f+4nOSoRdZ5htxvfYd1RpewG/jS73PgQW2v8BdsDfQN/DBezL7ClUbvZ7aLc+GXkzbCVUctl+rqYfnYDmeIXoaYBN7jjjEU/DKtPMGb+E2Nx1zNmKSDEpzOWEGEsycqYtRd4GkNAndQy8ffUcnTJURtZBs9kZszCyorZlYylrFv2O2aSpYWGpUzcFPFjsMpujXKeiTIltAF6ia6NbJmhQNdR8+pEs0xDq65j5uWb2EHDkK7NuOkk6jqWaYYXdR1nuNkwrWsL2xl9k67j2croN3WdkBgTo8aQyLahju53bk5bNrs2JluBrg3QJbo2skzbRl1HzasTzeJtbbqOmZdvYptse3VtZrY0l65jmdV2g67jeKvta7q2MFf633Udz2wZajwJJmPGBl0nslzUMTIeFYvBpSzZrGvyM2nyM2nyM+moeXXIz6Rj5uWTn0mTn0mTn0mTn0mTn0mTn0knJGZqzbomP3+NaQg6q9hqvD9orIn5WR8bZ6MsCAywEPKqocbZmPz0IscPNcKKUFLJAvijsTbkDbIhlAVlygf2ofZBfPajZgKrh+pFjo8dQo0WWPPBRgc7LJXGGmH5MOxOyB4DUINyJBowijqH0Vb1oc2OeRXuDRrLm02tZwWyfy8sjKGuhn696EfY6GP79brbkBpCriidwPiCs/PpQL5fziHwnuMZkH7QWBXSvSgRuV7phYVzJDuj+kw12csESvvkfJV3D6HtuMyZQK1+6TUN+UMyr4k1YEzCO37ZbkT6dZNs75M1fGwYfQov98tPTR+RqqvJ/KBcUz/GolZvbh6iPIRR+NEyCC9Uy9n45Uz8ci0HMbaAHOe7d8dGuT/mt9gp5xCc7WcdbK7BOi2spfzjlbMV+6pfzkX0sl/6bWCBH969KwdlegJzUrXFKg8jLVbcL2ddBM9NIH858oJshT5bjW2VbUdh571HNYxyWg9aPa/0qKbvbL/scQC5w9Jzh5E6BBWSuy6IXnuhA7I3GqdYXT8+B/V9QVZDctbU54hcvz65LiO6F8WubJDzHUCOOH0Tcr8EpV2fvvP8cgVp5YPyDASlL+l0iv05puerXoblmobknqBRjiBnWPZKNoNyX8yNQPQ4JudCkUDtJBp7QJ4Rse+H9HMqRkWr0SfH75czDs2eYvIZ9UK7dkSfF61mr6w5N+L5MxJeu0C2o1nvR7roXTsxX1oblhYOSz9M6DFpvr/VHhvRz+243CshfZWDsyfSJ9da03cczYbGOKjXEXv+iG49hFnQCh2cXSWv3CNihw8vmJfa0X0YiVf236f3XyQ9FZKrtxFP9mK0GJVrXCT33cIzUaSfgGLow3KVBqU1EQkPI9eL8VJEU1bJZkCeETHrAbmitOpk61wnLyh9MCY9TTFHtRNr0CX7IL8flv6iOBSaja2qtvJSn76TxZwL5BkV9cb0GDx/147JNRnRvUVWfHraq+9Qn/SvX86QRtcrx6HW+ez4GNJb0M4bf1fOwOwcCv6puERnpF/6NKSfRXoWUr8Fs/2cPQPaU4ekn/rkCTqXzw7pM/XL51pAPsHoKftu34s2dM6Wo/6KBc+Lc1unMfxXfTv/aUSxTtOjVUiuXN+CqHH2DOZixNnj2jRvD4iZ0Fwodqp7yfhsHO6XkWhERiTve86U9p53wa6iczyqf9KsSE/I80K3gX55qv36k5zsiJoBGRnee4/SjWlEX5k56+qE+OfF2CEZxfy6n8UNKkHeTnz6HFS8VV5euKsL5Mp4pe6ffdqcfas4+yQsPysu+OSt6JCMr365+mJVvcgTHhpEDVVWrNvcd9ZNZYV+eueixVxsVKP5P7kL/pN3L23RWTYalQ1t8exuPh95tE5q11CsDuh3trnd/X73SbUr3/tOKVaudfbkBOfdjGi9aRf49L4oYo/o614g5zyu3/XULYeeEoP6Oqt9TPtqTL83UA+j8hbilfNUO8XL5u7UZ8ez/wdrMeshr5y78Jtfj/X9+lnt028eI3Ks82+ofnk3Ccq9qY/xvdcWun3hrRqrvWKej/rn3Zfmn4d/2h6bu+Op2ueObgVnRTfl+7NbB+QdyX/WvNW45t545k7N3JNIrWEBU3dVcSdVad+8HTImb6MBud+G5j1hadS9ciw+/Uk1MbuW82MJrWGxvuJBeUoCs2NQ53rhXvrnvTr/CU+znP+kWbin5zxxSPpx+L+4juppMCHv2uQZ37wR9MtP0eecX85Hjb55z47Q+8Rjivz9cgbqibdxQRSn29hBqc/1jjsinxHqKTP/tqqeE+eKKQtbBWWsoLXq1ed97meu9z1WdHx29kG5S0ekdTpF734P+K/uAPV8q2e1srSF1SG1C0/LNpnTgDwNUbQNJTuRqkFuDXLyUaNdL8+XK7VLPofqUc8jn3Fkow2fzUh3yRhXxzSZFqntqN8MW6JtLeuUfdTCWrus2SZtNyG3EVyr1xMtqpHjQVrorTIKUn/NaEVv7A36M5FG2oF8bXaGC0fVIHtUI2tCqg326/XSSthukPbE+EX/dVI3z46zTh9ppfSRsCxsVmNEjTIlcj3gVtRrl/1XyjnTaJvlHOpQTnOplSMQPRfpc6V6wj879RKxRmJ8jfgzN6tK6YN6OZo5/1WDWzFyYX8rSjvkE6IFLWvkTNul92p1n4nZNsrU3KxoparlbIRXhQ9qoJuArbO+a5OfNJa2edYW+m6XLJ+rRfOr1D+rpedaZIpWo1qmOuRaidICfS3b5DzO7nWX3Im1slalnHH77A6pk7uXRq92J/XRMm8k1J9Y2/ljUbtae58zQlZUuUdf6Xf7RXi9UvpEjKt9tuf3soyz+TVtzarVZVqTv298NDg6ENKqR8fHRse9If/oSJFWGQhobf7BoVBQa/MFfeMHff1FCfW+3nHfIa1lzDfScXjMpzV6D49OhLTA6KC/T+sbHTs8LlpowvKqEi1P0PoCrc0bGBvS6r0jfaN9+5G7bXRoRKuf6A+KfjqG/EEtMN/OwOi4VuXvDfj7vAFN7xF1RtGpFhydGO/zaWK4h7zjPm1ipN83roWGfFpTQ4fW6O/zjQR9m7Sgz6f5hnt9/f2+fi1AuVq/L9g37h8T05N99PtCXn8gWFTtDfh7x/1tvsGJgHd81h0bNb1go5jG2p2+8aBoua5oTYleIEbl1ULj3n7fsHd8vzY6QCOZdejg+OjEmMjuGx0e8474fcGixom+5d7gCnSubR0fHQ0tMDU8itlgkt6RIKYw7h/QBrzD/sBh7ZA/NKQFJ3pDAZ8GmyP9/pFBeARVQ75htBzpRxfjIxhikdYQ0gZ83tDEuC+ojfvgQn8IffQFC7TgsBeL2ucdgxZNhicCIf8YTI5MDPvGUTPoC0kDQW1sfBRbQbgK1gOB0UPaEFZW82MafSHNP6KFxEJjZGgCB4+gL0yz1z8oDVNHId8FITT27/cVKVfmB7Vh78hhrW8C+4nGLTw2ghUe92Iu4/6gWE6fd1iD49ANLA4iJ+g/guqhUUzooJiSV8PqD1NfwtF9Q95xDMw3XjQUCo0FNxYX94/2BYuG1UoUYQGKQ4fHRgfHvWNDh4u9vdhuoipqBib6vMGB0RFMHbXmFi84MTYW8GP/iLIirWt0AmM/rE1gJ4XEnhXZYkh9cHLIV6D1+4Nj2Mfk2rFxP0r7UMUH9sKhvvFhfygEc72H5ZzVrsSgsYKj40oMiB4K3r2XsCL9E32hArExDqJtgWijOoCnDg35+4bmjewQOvWP9AUmcATmRj86gjVb7l9Bp2NedVh4v9HSYcKuwwoEQ+P+PtoaqgO5I5StTdIDy/3oBbtTRJRxsYf7Rw+NBEa9/Qu95yVXYY0xnVF0hc+J0BiCQb9PTFPUGfIFxhZ6FOEJu4iqiwXxyx075O/1h0SYSujAkAdGxb4VQ9ZdXaD1eoMY6+jIbMBQi7Bc3wu+kaJD/v3+MV+/31s0Oj5YLFLFqLlPDy0rsLxyW8jdKMycOxaeK4Y9oddoFDWeFG4+fxRzEq7Brg4gvkl3L4yWwpUL4mVCQqtYnKAMRpg3XOBDK2xseKa/QBsYR+wTIQdHYhBzFj6Gr7CiaK6N9iLmjQineGW8Vvvsn5+FGJA3GBzt83vF/sA5Q/AYCXkprPoD8MxyYXHBbLV2PWA/uUKOqF/GJVqHc9aTEU9kz9tuBfp2E6NXxQE/9in1LWyN0wMLPchDJGZYIKKqf0CwTzpkbAITCg7JAwvTvRPi8AZFpr5LMMNiTDzoE8FydMxPse09h0oHHl3SodE9LQdxaGh0+H3mKI7BxPgIBuOTBvpHEc3kWM739YXUBpvbx9j8/X558DbSFkcYO+ib99wdGQ2JI0Nh1a8fY9opelFwSETmXt+Ck+udN9Fx0X0whM3kxxLNPgPezwHivNXXau0tdR27KttqtYZ2rbWtZWdDTW2Nll/ZjnR+gbaroaO+xdOhoUZbZXNHl9ZSp1U2d2nbG5prCrTazta22vZ2raVNa2hqbWyoRV5Dc3Wjp6aheatWhXbNLXi8N+AkwmhHiyY61E011LYLY021bdX1SFZWNTQ2dHQVaHUNHc3CZh2MVmqtlW0dDdWexso2rdXT1trSXovua2C2uaG5rg291DbVNnfg4deMPK12JxJae31lY6PsqtKD0bfJ8VW3tHa1NWyt79DqWxprapFZVYuRVVY11lJXmFR1Y2VDU4FWU9lUubVWtmqBlTZZTR/drvpamYX+KvFb3dHQ0iymUd3S3NGGZAFm2dYx23RXQ3ttgVbZ1tAuHFLX1gLzwp1o0SKNoF1zLVkRrtYWrAiqiLSnvXZuLDW1lY2w1S4az69clPD/6bvjuA++Pf6X+fb4g++LPvi+6IPvi/4nfF8UJ/HBd0b/mt8Z0ep98L3RB98bffC90QffG50dzT/47mjhd0fKOx98f/TB90cffH/0P+77I5xNZrqJselrF/yXFK2IjEF2HH+uYNewa9kD7FeIFZdC3cBuZrfiPT3Mvst+zJ5h/xd/pg9HD7N4490shqUyNvP2zOnpW4Gp6MR5OdcilRqlzeXMWGf+cFbeH6avnbFOT8WksDjZNsHwBHL/zM/MvG2oEOmZdSJtuBI6SbZ4w3TT9LembzvLBzvYbnYe28O6WY+M6/0ySp+Pm2IAEXpEpkZQNojPAaT2MfHvQ/ulnqs1969yJ/BcOCjfCoJ6SpQdkOkJRM1D7AJE1iPsQnaUHdM/D8mcoyg5ItMXABexD2FlLmaXSKWYci5ll7HLsWpXsqvY1e+bunpWTbIPs49gnT/KPvae+poFqY/jzyfYJ7EfrmOfYtezz2BffI7deFbup2X+Z9lN7AvYM6LsU8j5glSi9H72MLuTfZN9i92lvymfr3tE+WVA+lA8Q49ihpfOGzH579Csty7C3MXcJvWZXoD8S+a1OKj7UdS8FDXJCq2DsHLsLE98HHMgPTcjSn1Kzn8ud75X3i9X+ePGeZ75nEwJdXbue+nr2edxAr+IT+FVob4ETeoLUs/Pv2m27s0y/WV2C/sK1uI2qRRTzq3Qt7Gv4mx/nZ1gt+PPnJ6viL/JviFXLsxOsgg7xe7ASt7F7mZTMv/9ys6Vf0rPj8zm3MPuZfdhh3yHPYhI8z38UTnfRt4Deu5DMo/S32PfR1rUotTD7IeIUD9hP2U/Y4+xHyD1qPz8EVKPsyfYk+wZngD1c/YqPs+wx6N/yxIRGVn0vfDzjWwv/vw//InOZjZ288xbM4dm3jLWswHewX8Gv34JXvkI54gbsz/cweKifsPS2B0zfzXuAS8/81z00PSXZv7o3n3F5aHg+IGx0ZHhwP7z/UODA77+3n17u/ect7ur09PR3rajtaW5qXH7tob6rXW1NdVVle6K8i2bN23cULZ+3driosKC5Xm5y5xLHZlpydakBEtcrNkUEx1lNHBWUOus69HCeT3hqDxnfX2hSDu9yPDOy+gJa8iqW1gnrPXIatrCmm7UHDirpptqumdrcqu2mW0uLNBqnVr4kRqnNsV37+iEvqbG2aWFT0vdJHVUnkwkIJGTgxZabeZQjRbmPVptuO7g0GRtTw3snbTEVTurfXGFBexknAXSAhVe7hw7yZeXcykMy2s3njQwc4LoNmzMrfX2h1t3dNbW2HNyumQeq5a2wjHVYZO0pfnFmNmHtZMFD05+ZMrKentc8f3Ofu+ezrDRi0aTxtrJySvDya7wCmdNeMWR32Ziyr5wgbOmNuxywtj2ttkOeDg61+rUJv/CMHjn6d8vzPHqOTG51r8wIcUUZ92EcqUZxoYRYn45OWIsH55ys14kwsd3dFIabwv2CHMXu7rChh5R8qAqsXlEyXFVMtu8x5kjlqq2R/89OJQZPt6rFRbA+/I3F78o18LGvJ7eviHBXt+ks6aG/NbRGXbXQLi9+lxrT64qRn1vDybhF27Y0Rkudo6F05xVVAEZmlgDf3unbKI3C6dVh1lPn94qXFxbI8al1U721NAAhS3njs57WMnMSydLNfupElbKusQ4wunVWJS82snO/oGwo8fej/05oHXac8LuLrivy9np6xKr5LSGV7yE7nJkj7IV5nZWbVVZzNyUa9Y6DXZjl1gtZGh1+HBWbUaBFcslk2JFqzZrndzOVDX0otcQaoEdJIy51fWiyCiaVtfbc7py6Od9hmTXxxSdGzbPs2VFxuyYqJ/3HBrVFgNaodX6auYNcIHRaH2AurVzj9MgfKF3jBZmsZz1qsiYi5OLPAPMyCyxiplamLVqnU6fs8uJPeRu7RRzE76W67u93bl9x+5Oudr6LulYkKLyMkqFWQ6KVcJQjT1Y57KrZZXprTI9m6w/q7hBFTvFuCYn+08yY67YyvaTXIro6g93hVtcXc5wr8uZI8ZZWHDSzOJzOnqqcVbrEO6cdV6nZtXqJr1TM8d7J0+63ZNjtT1DG3EuJp0N/ZPO9s7Ndjn4ts5j9iOi7xS2nW/vqIIpA6s66eRX7Tjp5le17+68x8qYdlVHZ8TADdU9VV0nl6Gs8x6NMbfMNYhckSkSmkgIS21ImGV9+z1uxo7L0iiZIdN9U5zJPLPK46xvykB5VuooT3bkZgaURFGJW9WOQp6Z8o5T7eV6bTNKrKLkXoYHCZOF9HOSCQe746LdZnesO96QYIBLRVYEOfeibixnp+J5ArefhM02mT3Fj5+MddvvkZba9JrHUVPkHZ/Nw8hFtXmG0B9N3DM3A8/uzlPxDPblJ2pUiR/swswh7CE8T2q1frH/jnYNTfZ0iejB0rFX8cvD3FnOwgZnOUYcEx+Oc/qqwhZnlcivEPkVlB8j8k3Y+TydY7FF0J3scSIQ48R0Mjuns2YUJrWpmZmOzpxH7Ke7cnCW9gC7O8OxLjzconO3od5WgR5kbw0f7/OKcTBPp2hrym3o68K5VAZRpSEcCwuxugXUqJNtxHlDoz7sNa9TSmQjdBzvCne5RKed/i55Xq1hVu/cGI7JI5vReaKj4q7JFOcaGXxw1uNyrxQUi7Gx9k7KsSOJzrrISaZ4jLzPiaK+Ho32SDvOMj0s4uyU40PMj8rzScTZ9UImpmXMtSTEhWOLYBC/QluKRMyJzjV1ddHgZepKvQL6toYtGFHePFfqDeAdFDWIseD3SgxVVP2uMLNjirU5L0DoFIOWlkwoDifkNnjxdKP2FuQ4y1RjswiCFt3GQ5RrEjOPh98REqZmbnMezpn3g9ghnn5i/zH7PTiorGvy7Izwea7CAvPZuQkye3LSnHDuBuQvc8Isy0xDbp94KoDFhpP7TasVj0rntpOGZpdkLnlymxNPEEOuAC46RhyfHK2/S9TCkFtlLHvPSnxeJfGYlsYnrZtUiuspWszJ8ODC5NBssk4Al8HcIrpDYCoi1mKvnG8PB7AzVRWxItqkZnVudIoP2XirQA8WafZYYPtj14lDc7xP6+zFZofBup7JuklxRe3z6m7TewqPuBaYxLng2DwwJKYTPt6q9XRpPbia8h2dOTl2nEawNoB7qtMrHgWtNJ/W3fKq4p0UW5zhptJlD5vwYBrw+pw5eIKERQQi74sxRunHhtknJ52TYXlu61AZ5vNw7BoE4XfM5fT6xBV6QNygfbJtHYYrvSOs2WudOMs+ZEtfwnEIfb3io29SXNC7e1zwRPJkyqS2YRIhuBtPj6i8vp09eFSJJ5Iml9prRwpOaBCpLhiiirG5oiIdATGaYdfJblPuXI78HXVRZbO0ipG1dYZbVRV5noQ44AobMspQKCbP23Z3qjhlFMUNcK8bu8ouWmthQ0envjyyfYNoalcLRs2QI58h+vmafdqo59AeO3z6nvl4OBgr2w0/MjzMypjD8EOdX2BlhueYx/As+BnwL3V+GvwL8FPgJ8FPgH8OfgD8HfC3wfczD4sy/IqVAh2AcVb1A7cATwHRbD8scWZBe87SDN9jNUA/EAKuA6JR9zsouwUWOdMMl90Rm8m3YUEvVeISJS5W4rgSH1LiIiWOKXFUiQuVOKLEYSUuUOKQEgeVmFAipERQiQNKjCkxqsSIEsNKBJTYr8T5SviVGFJiUIkBJXxK9CvRp0SvEl4lepTYp8ReJbqV2KPEeUrsVqJLiU4ldimxUwmPEh1KtCvRpsQOJVqVaFGiWYkmJRqV2K7ENiUalKhXYqsSdUrUKlGjRLUSVUpUKuFWokKJciW2KLFZiU1KbFRigxJlSqxXYp0Sa5UoVaJEiTVKrFZilRLFShQpUahEgRIuJVYqsUKJ5UrkK5GnRK4Sy5RwKrFUiRwlNCUcSixRYrESi5SwK5GtRJYSmUpkKJGuhE2JNCVSlUhRIlkJqxJJSiQqkaBEvBIWJeKUiFXCrIRJiRglopWIUsKohEEJrgTTBZ9RYlqJM0r8Q4l3lHhbib8r8ZYSf1Pir0r8RYk3lfizEn9S4g0lXlfij0r8QYnTSvxeid8p8ZoSryrxihL/qcR/KPHvSvxWiX9T4jdKvKzES0r8WokXlXhBieeV+JUSzynxrBK/VOIZJZ5W4hdKPKXEk0o8ocTPlXhciceUeFSJR5T4mRI/VeInSvxYiR8p8UMlHlbiB0o8pMT3lfieEt9V4kElHlDiO0p8W4n7lbhPiXuVuEeJKSXuVuIuJe5U4g4lTikRUeKkEmElvqXEN5X4hhK3K3FCia8r8TUlvqrEbUrcqsRXlLhFiS8r8SUlvqjEzUp8QYmblPi8Ejcq8TklPqvEDUp8RolPK3G9Ep9S4jolrlXik0p8QomPK/ExJT6qxDVKfESJDysxqcTVSlylxJVKXKHE5Uqoaw9X1x6urj1cXXu4uvZwde3h6trD1bWHq2sPV9cerq49XF17uLr2cHXt4eraw9W1h6trD1fXHj6uhLr/cHX/4er+w9X9h6v7D1f3H67uP1zdf7i6/3B1/+Hq/sPV/Yer+w9X9x+u7j9c3X+4uv9wdf/h6v7D1f2Hq/sPV/cfru4/XN1/uLr/cHX/4er+w9X9h6v7D1f3H67uP1zdf7i69nB17eHq2sPVbYer2w5Xtx2ubjtc3Xa4uu1wddvh6rbD1W2HV58SYspwWWRJuQN35sgSG+gSSl0cWbIRdJxSHyK6KLIkHnSMUkeJLiQ6QnQ4srgSdEFkcTXoENFBogkqC1EqSDROmQcii6tAY0SjRCNUZZgoQLQ/sqgWdD6Rn2iIaJBoILKoBuSjVD9RH1EvkZeoh2gf0V5q102pPUTnEe0m6iLqJNpFtJPIQ9RB1E7URrSDqJWohaiZqImokWg70baIvQHUQFQfsW8DbSWqi9i3g2oj9kZQDVE1URWVVVI7N1EFtSsn2kK0mWpuItpIzTcQlRGtJ1pHtJaMlRKVkJU1RKuJVpGxYqIialdIVEDkIlpJtIJoOVE+mc4jyiWby4icREvJdA6RRu0cREuIFhMtIrITZUeym0FZRJmR7BZQBlE6ZdqI0igzlSiFKJnKrERJlJlIlEAUT2UWojiiWCozE5mIYiJZraDoSNYOUBSRkTINlOJETBKfIZqWVfgZSv2D6B2it6ns75R6i+hvRH8l+kskswP0ZiSzHfRnSv2J6A2i16nsj5T6A9Fpot9T2e+IXqPMV4leIfpPov+gKv9Oqd9S6t8o9Ruil4leorJfE71ImS8QPU/0K6LnqMqzlPol0TORjF2gpyMZO0G/IHqKMp8keoLo50SPU5XHiB6lzEeIfkb0U6KfUJUfE/2IMn9I9DDRD4geIvo+1fwepb5L9CDRA1T2HaJvU+b9RPcR3Ut0D9EU1bybUncR3Ul0B9GpSHoFKBJJPw90kihM9C2ibxJ9g+h2ohNEX4+kI17zr5GVrxLdRmW3En2F6BaiLxN9ieiLRDcTfYGM3URWPk90I5V9juizRDcQfYYafJpS1xN9iug6KruWrHyS6BNU9nGijxF9lOgaoo9QzQ9TapLoaqKriK4kuiJi84Iuj9h6QZcRXRqxDYAuIbo4YvOAjkdsCMb8QxHbOtBFRMeo+VFqdyHRkYitH3SYml9AdIjoINEEUYgoSKbHqfkBorGIrQ80SsZGqOYwUYBoP9H5RH5qN0Q0SCMboOY+on6q2UfUS+Ql6iHaR7SXJt1NI9tDdB5NejeZ7qKOOol20XB3UkcestJB1E7URrQjkuYGtUbSRA8tkTSxvZsjaZeCmiJphaBGqrKdaFskDfcC3kCpeqKtlFkXSbsIVBtJuxJUE0n7EKg6knYcVBVJqQNVErmJKojKIyl4vvMtlNocSe4CbSLaGEkWW2MDUVkkeStofSS5E7QukrwbtJbKSolKIskFoDVUc3UkWUxsVSRZnM1ioiJqXkg9FBC5yNhKohVkbDlRPlEeUW4kWXhpGZGTbC4lmzlkTCMrDqIl1G4x0SIiO1E2UVbE2g3KjFj3gjIi1n2gdCIbURpRKlEKNUimBlbKTCJKJEogiqeaFqoZR5mxRGYiE1EM1YymmlGUaSQyEHEi5p5J6nUITCf1Oc4k9Tv+Af0O8Dbwd+S9hby/AX8F/gK8ifw/A39C2RtIvw78EfgDcBr5vwd+h7LXkH4VeAX4T+A/Egcd/5445Pgt8G/Ab4CXkfcS+NfAi8ALSD8P/hXwHPAs8MuE/Y5nElY7ngb/IiHgeCohz/Ek8AT0zxNcjseBx4BHUf4I8n6WMOz4KfRPoH8M/aOE8x0/TPA7Hk4YcvwgYdDxENp+H/a+B3wXcM88iM8HgO8A344/4Lg/ftxxX3zQcW98yHEPMAXcjfy7gDtRdgfKTiEvApwEwsC3LIcd37QccXzDctRxu+WY44TlIsfXga8BXwVuA24FvmIpdNwC/jLwJbT5Ivhmy37HF6Bvgv48cCP052Drs7B1A2x9BnmfBq4HPgVcB1wLfBLtPgF7H49rdnwsrsXx0bhBxzVxX3F8JO42x+XGXMdlxjLHpbzMcYnnuOfiE8c9H/Ic81x04pjHcoxbjtmPbT924bETx351zJ0SE3fUc8Rz4YkjnsOeQ54LThzy3Gu4gg0YLndv9hw8MeGJmkibCE0Y35zgJyZ4zQRfNcENbMI6oU0Y40OecU/wxLiHjbeOHx8Pj0dtCo+/NG5g4zxuaubBU+P2JXXi/1Pr6HiCte6AZ9QzdmLUMzIw7DkfA/SXDXqGTgx6Bsr6Pb4T/Z6+sl6Pt6zHs6+s27P3RLdnT9luz3kndnu6yjo9u1B/Z1mHx3Oiw9NetsPTdmKHp6Ws2dOM/Kay7Z7GE9s928rqPQ0n6j1by+o8tZg8W2RdpC0yWsUAmhdhJMzOq1bZ3faX7K/bo5g9bH/QbkxJynZkG1YkZfHqliw+mvWhrI9lGZMyH8s0uDNXFNQlZTyW8euMP2ZEpbozVhTVsXRrupZutIm5pTd11EmuqCFevVbO1ZHuzKtLsvEkm8NmqP2jjV/BjFzjnHEryGhGnTu4zVFn/DYX/0Pg0Yzzj7MO1/YpM2vbHja3nhfmV4Vz28Wne8fucMxVYebZfV7nSc4/2iX/TUI4TfyjEpm+/Jpr2OKq7eHF7Z0R4803L67q2h4+LrTbLfWM0AxVulx7gxNBV6d7C0t+Kfn1ZKPtAetjVkNSEk9KmkkyuJMw+KRER6JBfMwkGt2Jq9fXJSU4EgziYybBmO5OQI6YX358a0ddksVhMXgqLC0Wg9tSUV3nthSuqnvXPE+JeVLPrtBefOwNhlzyF6kuPiGSLpErfoMhpMWfCZlmrvf9oWqgfUH8hFRm6P1b/U//4f/dA/jX/6F/yVM5Y7iM9RsuBS4BLgaOAx8CLgKOAUeBC4EjwGHgAuAQcBCYAEJAEDgAjAGjwAgwDASA/cD5gB8YAgaBAcAH9AN9QC/gBXqAfcBeoBvYA5wH7Aa6gE5gF7AT8AAdQDvQBuwAWoEWoBloAhqB7cA2oAGoB7YCdUAtUANUA1VAJeAGKoByYAuwGdgEbAQ2AGXAemAdsBYoBUqANcBqYBVQDBQBhUAB4AJWAiuA5UA+kAfkAssAJ7AUyAE0wAEsARYDiwA7kA1kAZlABpAO2IA0IBVIAZIBK5AEJAIJQDxgAeKAWMAMmIAYIBqIqpzBpxEwABxgrJ8jj08DZ4B/AO8AbwN/B94C/gb8FfgL8CbwZ+BPwBvA68AfgT8Ap4HfA78DXgNeBV4B/hP4D+Dfgd8C/wb8BngZeAn4NfAi8ALwPPAr4DngWeCXwDPA08AvgKeAJ4EngJ8DjwOPAY8CjwA/A34K/AT4MfAj4IfAw8APgIeA7wPfA74LPAg8AHwH+DZwP3AfcC9wDzAF3A3cBdwJ3AGcAiLASSAMfAv4JvAN4HbgBPB14GvAV4HbgFuBrwC3AF8GvgR8EbgZ+AJwE/B54Ebgc8BngRuAzwCfBq4HPgVcB1wLfBL4BPBx4GPAR4FrgI8AHwYmgauBq4ArgSuAy1l/5XGO889x/jnOP8f55zj/HOef4/xznH+O889x/jnOP8f55zj/HOef4/xznH+O889x/vk4gBjAEQM4YgBHDOCIARwxgCMGcMQAjhjAEQM4YgBHDOCIARwxgCMGcMQAjhjAEQM4YgBHDOCIARwxgCMGcMQAjhjAEQM4YgBHDOCIARwxgCMGcMQAjvPPcf45zj/H2ec4+xxnn+Psc5x9jrPPcfY5zj7H2ec4+//dcfhf/Kfrv3sA/+I/LBicdzETP5n79rL/BcTIcCoNCmVuZHN0cmVhbQ0KZW5kb2JqDQozMSAwIG9iag0KPDwNCi9GaWx0ZXIgL0ZsYXRlRGVjb2RlIA0KL0xlbmd0aCAxMSANCj4+DQpzdHJlYW0NCnic+///AwAF7gLvDQplbmRzdHJlYW0NCmVuZG9iag0KMjggMCBvYmoNCjw8DQovQXNjZW50IDcyOCANCi9DSURTZXQgMzEgMCBSIA0KL0NhcEhlaWdodCA1MDAgDQovRGVzY2VudCAtMjA5IA0KL0ZsYWdzIDMyIA0KL0ZvbnRCQm94IFstNjI3IC0zNzUgMjAwMCAxMDU2XSANCi9Gb250RmlsZTIgMTMgMCBSIA0KL0ZvbnROYW1lIC9GUE5VRksrQXJpYWwsQm9sZCANCi9JdGFsaWNBbmdsZSAwIA0KL1N0ZW1WIDE0MCANCi9UeXBlIC9Gb250RGVzY3JpcHRvciANCj4+DQplbmRvYmoNCjExIDAgb2JqDQo8PA0KL0Jhc2VGb250IC9GUE5VRksrQXJpYWwsQm9sZCANCi9EZXNjZW5kYW50Rm9udHMgWzMwIDAgUl0gDQovRW5jb2RpbmcgL0lkZW50aXR5LUggDQovU3VidHlwZSAvVHlwZTAgDQovVG9Vbmljb2RlIDI5IDAgUiANCi9UeXBlIC9Gb250IA0KPj4NCmVuZG9iag0KMzAgMCBvYmoNCjw8DQovQmFzZUZvbnQgL0ZQTlVGSytBcmlhbCxCb2xkIA0KL0NJRFN5c3RlbUluZm8gPDwvUmVnaXN0cnkgKEFkb2JlKSAvT3JkZXJpbmcgKElkZW50aXR5KSAvU3VwcGxlbWVudCAwPj4gDQovQ0lEVG9HSURNYXAgL0lkZW50aXR5IA0KL0ZvbnREZXNjcmlwdG9yIDI4IDAgUiANCi9TdWJ0eXBlIC9DSURGb250VHlwZTIgDQovVHlwZSAvRm9udCANCi9XIFswWzc1MCA3MjIgNTU2IDYxMSA1NTYgMjc4IDY2NyA1NTYgMzMzIDM4OSA2MTEgNTU2IDY2NyA2MTEgMjc4IDU1NiA1NTYgODMzIDU1NiA1NTYgXV0gDQo+Pg0KZW5kb2JqDQoyOSAwIG9iag0KPDwNCi9GaWx0ZXIgL0ZsYXRlRGVjb2RlIA0KL0xlbmd0aCAzMjIgDQo+Pg0Kc3RyZWFtDQp4nF2SyW7DIBCG736KOaaHyMbO0kiWpSyN5EMX1e0DODBOkWqMMDn47YsZiKJyAH3MPwOzpMf6VCtpIf0wA2/QQieVMDgON8MRLniVChKWg5DcRvQH71sNSer8m2m02NeqG6As009nHK2ZYLEXwwWfIH03Ao1UV1jUApWVdnKXzU3rX+wdQ1ZVILCbg722+q3tEVLvu4z65fexeZB8TRohpwtGn+KDwFG3HE2rrghJmblVQXl2q4IElfivYFvyvHT8pzXkwZxHlq3yijD3uGEBC4/bLOCKrIeAa495tG48riNuSbwO+EyhVgF3hPHdPWEUHwiLgEeKHPFEkWOoF8IdIQsZnQJSRkX4FZszyv0xVyhWgsXCPNTyXM36bN4LFuXBPhfXD8O9ffxmjOucnxnfsblXUuF9rvSgvV/Y/gBwn65pDQplbmRzdHJlYW0NCmVuZG9iag0KMTMgMCBvYmoNCjw8DQovRmlsdGVyIC9GbGF0ZURlY29kZSANCi9MZW5ndGggMTQzNTkgDQo+Pg0Kc3RyZWFtDQp4nO19CXhbxbXwzNyr1ZIty4sW29GVZcuOJS9xnDhOTHzlLXGc2MZ2EhtwY9mWY4FjeU0ILSSsAYcllKVlaWNoGyAskWUIdpaHgS7QPh5hKQ30Ufy3oQUeefD6IKWQSP+ZuVdeIPC99/7v/f//vg85c+fMzDlnzjZnZq6KijBCSIt2Iw4JW3t3ds/0dp6GnscQMv+8x+fteviyu95HyNIPfct7oOMdzZXx0H4Y2hk924YvT9b8oAHa/wjtht5ApzfnU4CQNRUezdu8l/dfrNCroE3phT7vNt+fv1j5OLT3IbTkUOf2YWHbweMFCK0XEVK1d/dv3ZZsyqpFqGkMIeXq/kFf/6tWD8zfOoNQ/KeIUGEV8AfSqlD5kwSHlapJUiYmIAUf5pBWxYcxsqiVijDhjmEn0uAgNiOzy3Cm9FxpneGT0g3nSlEZwIaz8FhSYI+3x2fCAyMenRW46bOiAn2BBH6aznA3zNWhOIISkIDc6KRYtiMH98RenvNn/gzPa+xJGmW2256ZbLQl1SeRgqRDSSQpKdGRnmlMUAuJmRiRlKx+5W4lUdZmZx3SYd1kZHpCE1OkmyQ3i/aCPDGvIa89rz9vd96+vLE8tZBXkEfyEtMFJCQUJJCESbJ3IndJk9kFYrdRuTcY2gbOuAY2nP6k7TTTgZb4kvy2gYpLWqZQUmR3KK0kCSYJWWm1ezyhxOVytQISjjeWIChLCnBtMKapNhh34UUt41phRStuQ20J9sJFJClRqUpOhqdSpVTYcfzSwuLly5cVObOcDi7eLjecjrvJuice3XNRYMsN+9oe2L4u/G5Yj7Ofezxn/ebade5XDmLjmKu8Sdz5a8WRtEvu2bL1MVfWsV1dxwf0asL/Mvy4QrN5TeVGjeLcVPhyja6trvySHIQIqom8x+fxq5EDFeIBsUdlVacq0pKt61LWptZk/t7wTrxmuaXastnZbdnqvMH5fcsd1gPWqZRfWV9I0SmV+qRkpSU5S7k4qdWyg9xADiifUv5SqXum6E0DScsoXBLv1meIrryiDDE9Gx6WtKJAxtkMklGdBpYSC2Ljii5IwyjNkBZM+3san5bmxkuRCL1xyAaibbSLqfFldjHFAA+ztcg+SYaf4lU6vdZNvQljrIZhVgOGGzBEMTFm0RKnerEmW99q0+3XEZsORyACxNjkIp21vggXtSOMbi3AGC9dbN9iwu+YcL1piylg4kyWpX6P5PSBQfD1wOm2OkPbGZfUOkXD9zS4tay07BxUn7S5ThlpCLjGlaSiuSWUn4YHWk9LjSmUEZl+OiWtqDmjK4O0uVrbgALCgIs1lJZC8OMB8P4Azlq+fGkh+J5LTDbZweFZSqUj3bmsaPny4uXF4HVHuhLTsEhKTKZRUbx8GfZFXK++fGyylkvJDH8QY1Bxa3/a9tPjm+77/i/WNwRqm/F3ln+QUdxSub5qqSGG/DHv3jtbb3o6PHnz9etTiy3q6urQjRfdUpuaKaReWLUq/Kqx0JxVumpTobM4wwcm3xvu5X8A0WBAqeheMW9FwtoEYiziSvQlCUUplVyNviahMuXvKZpNyk3aVuOm5E3m1tQzqr+nqDFSWsH4IYUqkfogOSbGEBdrsqut/YvwovjFsbFxToMBT+LFYkw/5DuCLGllkqVhTZUaICecqjMMnNlAF1fZafijJgIL4YoWUd+t7Nb6jd3J3WZ/qrKtla6aJGo3FG9AYK0sSCHUPMsle+3FyqVPXDqFSfjsVMtt9eG/4ORbuzuuuaFz64288/6GrvAfwufCZ8JvVm889z43NfHojyYeenA/RMRNCPFbIOPEoH+fQlzk7Ql9fBlH4/RKS26RijNwCcosTbfykPYZ7Qua32jf0mqbuHaO6FVmTbVys3q7UnFY8w5/mj/Lf6pU1Knq1N3KK/mb+fv4+xX3Ku9V3avW2nij0sW7FDnKHFWOOl9fy9cqtOBdjVaj1iq0Gk7Jxyh4JU20MTFqlZbTamP4SbJNtCry1SU2FVb59CTGiXcjbAOBLbqy78rBSlOUxXBmwHz6k9OGUgNNs/AEU5YaTSV71Fcafq4ujcYlF3khpLEXIVcrNXFb2wAahNhcCskY2zH8U8XfhC24Bl8UvgtfH34l/Om1iiNnz+Dt4e+d+w5++6bwY+C9u8BWn4Gt4lAK2iFmKhVTiVNmbo0Cb1W8oSDG+Ex9bCxKMWQSTOKQOjnrEMguZ2AVzcDJtrSCtPa0/rTdaYo0Q5yABVQAbGnaTV2YdqWsS6MCcimsNrZz0JXTBhILpmjadDgsBCJAzpp34d/j2MarDnb8oO7SF5998ND2iu+sXTamOJJsf/vQnkl/fNK53/HPhdvzOjwNPXotTOyBLJgFcZ+IUvFPppAh8plYHVNyj+Ze/d2GhxUPaY9qjuonrWp1Il5L1iirtfWLHtYfVh62/kr7gu4N7UndZ6q/6fWpcalJIqz4JDE2vigu6Zmkl5M4uiVMxC0qY3WsCWpyi6iLizU2xLbHklizEcPAYUtKEV5qRBQnTShidfpiqXblSrU5ldViHKTHMXA+LFGCthiNsNom+Bijma66jBgVsuP8JHt9LI615i/asiiwaP8iflGcXS3q44rUljQ5u7k2nKZ5rQ2SGpj2NGxhYqJZzE4sM4uL4uABKdVMc6+L7mFl59gWZwQhAMNIhQEko5x6aR2KokIk0trFCBAMwNZHx020Ck5otKtZ02MvcyGKf4pmxDY2fawIVoqlk8bS6WNFMBZiTMHlLtegywU76VIasQOozYUVkCeFLOcyA4I0wNmT6fJPgD0yXaU0kc+xefn7h8L/cr0fJ752GhuV50TuGm/5RVnc5ZsuKS3FuDH/3geeuv1trMau8K/Cx6/cuxb3XrGromIIgWVtkffI7YofIQt6SVwMBwLs0C6OWxm7LrY1TmVJQmYuOQmZjAmJ2GQkidjMaVRalc48ibEYh0xjpqCJa4dqGnaTScyHkjBNiBMoiZ6VhsVYXYwmX5uPUD7eggkkRF7MNnNOk3FjUlni/sRDiVx74u7EfYknEj9OVKBEQ6KQWJDIJ1qsl49F96XaYDGcIlbBKWIKJUamV7SWbqDnKVgwhk8sp5CZJk/Ip4B6CqwbvzQOPtRuOMkRn0gNVWyiewysk2XxjmVLl2XGkyumY7JSs9aZO763/oqSGM3VV2Mr75wJN1/jSk15K2fphVVL7sIvz7z20/BNYJ89cDwrZnvEw2L2DxRYE4ubFN2KEQWXb2yJ7YntN/JaTZzOpiO36SI6Uqar1xE4du0QF6tUGGk5otRmI41BU6Dp1/Aa6y7jfiPZYtxlPGQ8YeSNBuTEHNsnCNmNx8BGlviyKZyKpM0CMsJpAz1NwnGszbKBqkvT3GmwS0mhtGUMoNqgCSy0jJ2zClfAfmGHUybbMUwqukMo4/EYbAuKissq21s3r7lgVWM+7/zBZZXLPs3zHAz/G+h4C+SDJt6JktH9omlz/Nb4uxWcRmlRlpLS+FpSG/8Xooqj7oznY5KRNikxUatRJiQ6k5IQFT02WRQyig4l40gyTraa6bJNTs8o2mceM5N+88dm8pEZm7UxTo2arWjAHVPjj9VYbTGVlUp6Drpo+qNqDrrOQJE2ydm0fprmQNxmX8aOC+BIu+RaSIAAcnUrj/svO7geW2yNZWsHc7Bl/8aO7xy8m4yFzTO+VfUjp/D0F2/RWC8APQ3gyxzynDitjFc61FmmeJPjh8YfJv4g664cjSqxOpEYj+qnYn9lf9fxmf5MunKxfqPep78r5gfGh9KndCqPQ8yodG5N73LuMe5JvCH92gxNsbNKWR2zTl8fV20vT1elZ2Q5i3XL7MvSlzmWZaiUWkW8xm7WZ+nS09Mdqox00T2kuzxxZ9L2xSM5NyZdl3Nv0l05T6Y/6dDvxreZbjbfk/NITtCtNNmTRbujKFlMtRXZkvE7YNmlantD5m2ZJFM0pxVlWukhUDTFa8sa3LjAjfPd2L3IXmDAhqXYzlJonKaM1YDCUqlGoy9CFtflk9TkZyHVsBOfbHN21gfAdRpJG6e4TImxEidjZ/pye7W9GbeaurDfdAZrsYnwVns6yU7Q60i2dQuP+ersmAYrtlYnqMrOtcG/eNiGo6VtIGUKpUd+M5GdA0daqU6fjMxMLMqg7ZkJW4bUtlhZW0wB4DI9Xp5enf5D/Z3pP09/PV1pT9fped5K9XgKdg+0lO4jE6bcMiwnWtZOzyyitZhmhd0DF2ARN2C+He/GH2MOYQO02jHPMBOSARNS2AbE4y38xzyhKiSLwDp5qUkEviYRmJrEZcVFJnqiN4mZi+EBfONMNnZ45k0brSJEeZwVN1gjViIrP0CPyexzykWbn9DDtNSUjCENtkon4gH4tLWx7SMj8qKoiTGWxWXDA+zw4WF9iS5RV0LBkK4ELPTBeEwJ2yIw0KOBtoRMlt3gDADnaAg6OEXD2dqkkLaFpERTMm+ixwVYMQXYauzr3FacmZhUE37s4qveevet17PDf4vf0hIoEFKd+NnWlk8+evMcznc1bsxOzReSEuNrV2+6Z/TYrXuXrC63JTsWJaV2r6u94fuvBmEVrYv8mf+r4jXkxifEC6biJ9MOZ//SzasSVEmmBFOS2eVT+LKHlZfrh7Pf1L3h0LVqN8ZuTG919Oi6jVvt/uyt7h1pN6TdbdcZHSwMbEW0Fn3g9gvTL3Q8m/6sgx9IH3BcnX6143+l/y+H0qXN0WekZzhK9EWOWm2tvjK9wnGp3ufYqb8i/Sb9aPoB7UP6h9MT4FipV6YrHRatRZ8M69Ch1fPYtMksWoSigBkHzPvNxHyE+FAKhIjOWmJLwSm5iRxay2KmxioUSRHTjvdBIg7iadgv/5UXrSUGiPDcHI35o4gJm8QEU5GpVpXltObZssYMQQMx1OKP4qUDnSX3Vfk0V9vUMo7EFa3sBl1ngJP+J65BOHycYwFySqoH4UIFMcEihAVBOtgjJW012OOEXP8plEB9PwMVtF6EEwa0TohxxhK9YCzRshJH+96DvRb69CVaMy3sPj73aZUXddJK7Uo9zUy12hp9RXq144D2kXQtamuVD5lSTEnHSvpHb2ZLBX5BULEzKO8Q0DosWPfvue32C9YXTf1r+55dHz2C4ZSgCp9MuPLKq2vy3Stw8OWRmyPomfAH4Tfw26m337jzwqKaFGPeqk07n+h/vvuvv9YPdC5LLynKzO/ednzvVf98Gcb0jt4MWdrLTtupaJ+Ya2xVts7evn6oukfzmUbTv2j3IrKSK9KtTCqyrOMqdeuSKi33aDSJ7FIWY2VnjxhVbByEq9a0OFbvZJexuDhkvQ1uaAY7HA5bpL2Hng0HzpRuOH2u9M9I2l3l/Wagjd7G/Er//NuYXdqE4C5mhP2VXsVMc3cx3hv+wjN+0dPhL8LPha7BlnPG/MorvDdet7Vrz/0Xt+IsiKhYbLmTGM72H1zf97OfPv3AftD3DtiaHgN96XumHVNIA9FYBklb1DRoyG5NUDOtOaH5SKOwado1uzRj0KHglCqk4DnQTkQn0AxQtsEtSqlQqngtUTkxz/K9PaOIt6jlLdYlv45iNwu4QXEKA91cpav5oCuB3oeg3IEtcFSw8IcxHz77xTreCRsnRg/CGcipmEYatEnUXEa+S/YSjvBg0YktCqyYJN95Wq1RYKTToKO4BTTCpE3UKxBv4wU+yPO8RXsEP4THUPSmQ9+QMVlgcZRQW8OJRalatjyjeCnnDP/l3lf6MCk4xTv2VUUyXryB7txL4QamAwnScJm45SnzYetUyq/5X5lPmE9YTljVFSkVqRVpmyz38XeZD/IHUtVKq4CylcXWtXyFucJSYVVnmDMsGVYu2clv4m80359yf+r9aQdTD6apjfR9jJC2JG172nVp+9LeSFOzlzXJiUlFacSgi0szIAERurxFMDPdO4zJcDUhD0wQrIubxJtEh02XD0c+Efp1BxIUmpPJybgeRLba4k4adhDLoteekwLtE5oIBkrpmQ4SgWvgFHgCtodSOLbCWd8l7QNpcGGIL6EyhOJYJcYaSni1oUShjoc6vmThgo7RpFhSSEoC5hMQfe1GLxjsolt7YctxyHQzKBVKWmRmxYoVreDptjbw8nIje7XCQlaVuTwDtg36Tk7JQ/zozmYZxj78B9dKX2tLjzr8ngWrf/nmZ2s2LA2fWZOMFeEv7sSa34+Xbd74Hd+l301979cfPNE50eH5pMFJvXQ7QkoLRLKOmMWYGM6pdsZwPAcH3MhuUZO6skgrrFxVpKFZX67Fn6bmQS88lBq19k+aD7U8r9FqE0gqb9DYtA7i5gW4QGwlPbxPc6l2B7mc/6nmoPYpzRHtGc3n2uT9/D7Nfu0vNS9qf0dO8m9o3tT+hbzHv6v5QKvfoblcey25mb9Wc7N2H1G1xPjIpfxWTY92O9nJqypJLV+pqdVuVm/WtGhVZm1+bBFZyRdpVmnLYlUc0fFKjUabRKy8SaOSbW0jPKfVKHQqVaEyVlcIa8LAEXWDWl8UQx9My9gYfZFajM0qiqEP6LpfNFAgRs1hOGsQlRap6bG2rJQeByRftuH804bXT9OOlMnIKjEXZhF4tUZTyPGJHMeTGK22kCMAEmDD6XhCdFqtRqNS2+DiO4n1Eyqlgj9CViAFhOfFbUUKdjRsai5SFKpE1S44aR/fBV44HiPE6MgkWSEaIc+KgIhEQEKFNvrCGNjol4yYXXAaP+1yGUr/1VBqtRjODZwbKLWaDXAnhQ7DqQEQ3sAO5fRNiyLPtefKn+/JM9OKHWpqgwlNEMXqyMx4jEBDro19pDMQcg3Q1xgY26W3L/G346NwnlThY+HT4bfDfwr/QXHkrJl77/Nq/povrqIFcsmmyF/4WFj5sbAO7xBrL9feqH0IH1Qd1DwU+7TmBY16U3xrcqt1k21rfE9yj3WrTV1CSpTLNcv1NaRGWaWp1j+k+Q15Uflzzc/1b5LfK1/XvK6PN5gFOAtQK2XCqjUfUOttcflxJI6u4bgDSJF2sh72fGt64skYiz26fNnqpe9mTrsGaJGuX2240JQcb1BJe0LxchMsKWW8gW2jxcvjDU4nKfzt5bft2/HbN8Kfw3NpQ3JaUf1SqVJM//DJ8JZw++G7cQ0+gH98+O73Pc3bwvB5VvQ098JtkDzrQThyFh/kA+R7kIDsT9FDCtykyZWiBhGrAlnu6AX5Thn+jPI3nG5bUsAtsyfx/BA++Oqr9L0J7CnI6CmK2xJX+qnaoqZfmKAH/1SaRus3rns35fPPz54zIPUg4GqgYIYAT9XqcB2qMKDPP//8CgOS++c+iUroUvwK3c0PoRr+T2gv1DeREoQUm9BdAHvIQWTj0tAeGLsF2gXQvw7gZsC5A9oPQlmqPIhuh3oTPxQ5K/Pthaleh5X1R8j3f4BsopULXN/Uf0ZIq4TyAUIxryIUZ4aMdzlo14NQAuAk3IxQEqxKE2wY5lH6nRKTOpG8ikrRnUgJsWRA+WgT6FZLnkMKaCPUxAE3sCt8iJVJwDH9taxFYYLUJEOGObSauGWYB86rZViBzORSGVYCfI0Mq1AXuVeG1bCFxMqwBo2SsAzrY3nuxqh9sT7+5lkfKIz3yDBBvPHHMswhm/FBGeaR1vioDCuQzvisDCsBfkmGVWiJ8U0ZViNz/B0yrEFVYDUJ1qtIQj1wxjwHc8VaL5RhHlmtWxhMraW17pRhHiVbr2UwtarSeo8M88ho3c9gFbWbdVyGwVbWKQaroV9nfUmGeWS2vslgDSi5yPpvMizZX4Il+0uwZH8JluwvwZL9JViyvwSrUEdanAxL9pdgyf4SrI9NTBtgMH0zGuu6XoZBd9cdDI6BfqPrcRnm0SLXMwzWUdlcb8swyON6l8GxNNJcf5dhHqW6NQymrzCN7kwZBj7uYgYnUBu6N8ow2NB9MYMTqTzubTIM8ri/y+Ak6E903yXDPBLcjzA4meG/KMMU/3cMtjD8f5NhwM9VMDiF+jQ3U4bBp7n5DE5jPh2XYepTyXc2hl8lwxRfipkM6tNcnwyDT3Mle+ZQ++TeJMNgn9zbGZzL+PxMhimfQxRWz7O/ep791fP0Us/TSzcPXzcPXzfPL7qoXx6B3aMQImAJKgaoGfUgH9QbUAD1QRlGO1E/66mA1iDA9OmFfj/DyIMRD+SmXqgboW8r0A+jIdbyQe0D7O3w7GKYevhbC60O6PWhHdBTz7j3wbzRedYD953AewT4CMA3ADz9qBPgToD7YWxwdh5hVvoCOAcLyDnbKkZuJoMXOPQDrgDzemEeyqMTXSbjroNWD/TS0RGQcWhWJ2oHP9Oj92vl6Wa2EFA5tDtghPZ6mSUW6ijxCciaCmyWERjtZPrSVjfw3gG0g6xnBLC6mOUE6I/6owZkotbxM7o+ZttVjN7HMHxoG8xJLd3FnoIsURRXYP1D0EPt1z/rwTk96PgwSOEHyiGwgodhUo3KAaMXxr8cFSvn4QizWHDBAEw/mykwq99i2F+oTkOz8xbDHNRXczxy583UvIB31IpeZhMagV1MY2qzy5h1u/9L0ftVzLlIrGS4OwC3D3xOY7Ub/vyy33JZfAXA5n6mTR0b6WHye0FWGn8NbK5BNuJnsjfBc86/VKMlqAStgKj9qsWob0dAln7mScmn3UzeYRajrSyOBGaFnSxuJD8Pz8ZuFJv2BdgKohFGZfIx+boYXr8c425m3z42Tz+TWqLtlLn45LaX8e5nGmwDrGE2Rqk6mBzRmP1y/A3LFNJqGPxKT/esDu7Z9lz8f9U6/azdBTSd0HbLa4HmG2le9+w8X9ZA8tgOZqdOlh3OZ7MdsqZ+ljd6WYaIZrIv257S9DIoG/AXL1iP5+cuyfBfte381R6Nz0G2vqPxFo3x82kQnf2rcq2aFwNUE0mXYTZfdPUMsgyxk8VPAKzUx7Ki92s1lWLPuyCqpOwWkJ+SVhJM82y/nG2ptFFvRvlQTJrTvylGpV2pT/bMHPfoCvHLVh5k+d/P1vCw7Fu6R0XzSDdbzb1My6iVF0a1m3nGy+AuOQ6+mrW/vBKy2e5F9VwJ5+58NpLH5riM5WYf86oX+qiFtgJGdCxf5rnlSzvBYnn1zmWLoVmLRaX5z+y1/8G9TUj9Eo/1UR5C2mw0Xwp9kp+iUeNjZ4JeeU+ci+5v2q+jUfn1ezb1XMPsyhmat9NI/paiwCfPtZXFcp/sdzfTeVDeS6XcQzODl9lf8nM0jqW46pczuDQD3QekvbNvNlK8aO7M8uV89t/gi1kLeZnuAXnPieaPLtYzAraR1sjcLiiwXa1XjpnsqIxf71tE97EFpxbw9uJ5Nupiu0zvgjzzVR2/gR/Lvn5GF8U+f3Zzfym7RW3/ZWpqNSmfztc7KtfciXJu1cztRFEfulm+D7BZumfbvnkRQvOW5KEh4Da3w0pSdzBZfPJONTLry/m5RPJhvuzxIbZKemdliK7rhbH0H7fq/B1e0nL+TrMwpucssYPZcdt/0Y/R3YCeePtky/jmSdDFnnTOObtcChid8/aO4W/Ix1Lm72IaRHe8lQuyuBc4BljGOf8dQjr/RXeZOftEd7I5G83PKQuphliukHzVIet9/j3X+zUeHZzVfohFaR/jLq0iaee', 'Masuk');

-- ----------------------------
-- Table structure for pemusnahansurat
-- ----------------------------
DROP TABLE IF EXISTS `pemusnahansurat`;
CREATE TABLE `pemusnahansurat`  (
  `id` int(11) NOT NULL AUTO_INCREMENT,
  `WrapOutDate` datetime(0) NOT NULL,
  `BaseRef` varchar(255) CHARACTER SET latin1 COLLATE latin1_swedish_ci NOT NULL,
  `Keterangan` varchar(255) CHARACTER SET latin1 COLLATE latin1_swedish_ci NOT NULL,
  `CreatedOn` datetime(6) NOT NULL,
  `CreatedBy` varchar(255) CHARACTER SET latin1 COLLATE latin1_swedish_ci NOT NULL,
  PRIMARY KEY (`id`) USING BTREE
) ENGINE = InnoDB AUTO_INCREMENT = 2 CHARACTER SET = latin1 COLLATE = latin1_swedish_ci ROW_FORMAT = Dynamic;

-- ----------------------------
-- Records of pemusnahansurat
-- ----------------------------
INSERT INTO `pemusnahansurat` VALUES (1, '2021-07-10 00:00:00', 'M-20210700001', 'Coba Saja', '2021-07-10 09:40:06.000000', 'admin');

-- ----------------------------
-- Table structure for permission
-- ----------------------------
DROP TABLE IF EXISTS `permission`;
CREATE TABLE `permission`  (
  `id` int(11) NOT NULL AUTO_INCREMENT,
  `permissionname` varchar(255) CHARACTER SET latin1 COLLATE latin1_swedish_ci NULL DEFAULT NULL,
  `link` varchar(255) CHARACTER SET latin1 COLLATE latin1_swedish_ci NULL DEFAULT NULL,
  `ico` varchar(255) CHARACTER SET latin1 COLLATE latin1_swedish_ci NULL DEFAULT NULL,
  `menusubmenu` varchar(255) CHARACTER SET latin1 COLLATE latin1_swedish_ci NULL DEFAULT NULL,
  `multilevel` bit(1) NULL DEFAULT NULL,
  `separator` bit(1) NULL DEFAULT NULL,
  `order` int(255) NULL DEFAULT NULL,
  `status` bit(1) NULL DEFAULT NULL,
  `AllowMobile` bit(1) NULL DEFAULT NULL,
  `MobileRoute` varchar(255) CHARACTER SET latin1 COLLATE latin1_swedish_ci NULL DEFAULT NULL,
  `MobileLogo` int(255) NULL DEFAULT NULL,
  PRIMARY KEY (`id`) USING BTREE
) ENGINE = InnoDB AUTO_INCREMENT = 17 CHARACTER SET = latin1 COLLATE = latin1_swedish_ci ROW_FORMAT = Dynamic;

-- ----------------------------
-- Records of permission
-- ----------------------------
INSERT INTO `permission` VALUES (1, 'Master', NULL, 'icon-briefcase\n', '0', b'1', b'0', 0, b'1', NULL, NULL, NULL);
INSERT INTO `permission` VALUES (2, 'Master Klasifikasi Surat', 'klasifikasi', NULL, '1', b'1', b'0', 1, b'1', NULL, NULL, NULL);
INSERT INTO `permission` VALUES (3, 'Transaksi', NULL, 'icon-pencil', '0', b'1', b'0', 10, b'1', NULL, NULL, NULL);
INSERT INTO `permission` VALUES (4, 'Surat Masuk', 'suratmasuk', NULL, '3', b'1', b'0', 11, b'1', NULL, NULL, NULL);
INSERT INTO `permission` VALUES (5, 'Surat Keluar', 'suratkeluar', NULL, '3', b'1', b'0', 12, b'1', NULL, NULL, NULL);
INSERT INTO `permission` VALUES (6, 'Pemusnahan Surat', 'pemusnahan', NULL, '3', b'1', b'0', 13, b'1', NULL, NULL, NULL);
INSERT INTO `permission` VALUES (7, 'Lap. Pemusnahan Surat', 'rptPemusnahanSurat', NULL, '9', b'1', b'0', 29, b'1', NULL, NULL, NULL);
INSERT INTO `permission` VALUES (9, 'Laporan', NULL, 'icon-paper-clip', '0', b'1', b'0', 26, b'1', NULL, NULL, NULL);
INSERT INTO `permission` VALUES (10, 'Lap. Surat Masuk', 'rptSuratMasuk', NULL, '9', b'1', b'0', 27, b'1', NULL, NULL, NULL);
INSERT INTO `permission` VALUES (11, 'Lap. Surat Keluar', 'rptSuratKeluar', NULL, '9', b'1', b'0', 28, b'1', NULL, NULL, NULL);

-- ----------------------------
-- Table structure for permissionrole
-- ----------------------------
DROP TABLE IF EXISTS `permissionrole`;
CREATE TABLE `permissionrole`  (
  `roleid` int(11) NOT NULL,
  `permissionid` int(11) NOT NULL
) ENGINE = InnoDB CHARACTER SET = latin1 COLLATE = latin1_swedish_ci ROW_FORMAT = Dynamic;

-- ----------------------------
-- Records of permissionrole
-- ----------------------------
INSERT INTO `permissionrole` VALUES (1, 1);
INSERT INTO `permissionrole` VALUES (1, 2);
INSERT INTO `permissionrole` VALUES (1, 3);
INSERT INTO `permissionrole` VALUES (1, 4);
INSERT INTO `permissionrole` VALUES (1, 5);
INSERT INTO `permissionrole` VALUES (1, 6);
INSERT INTO `permissionrole` VALUES (1, 7);
INSERT INTO `permissionrole` VALUES (1, 8);
INSERT INTO `permissionrole` VALUES (1, 9);
INSERT INTO `permissionrole` VALUES (1, 10);
INSERT INTO `permissionrole` VALUES (1, 11);
INSERT INTO `permissionrole` VALUES (1, 12);
INSERT INTO `permissionrole` VALUES (1, 13);
INSERT INTO `permissionrole` VALUES (1, 14);
INSERT INTO `permissionrole` VALUES (1, 15);
INSERT INTO `permissionrole` VALUES (2, 1);
INSERT INTO `permissionrole` VALUES (2, 2);
INSERT INTO `permissionrole` VALUES (2, 3);
INSERT INTO `permissionrole` VALUES (2, 4);
INSERT INTO `permissionrole` VALUES (2, 5);
INSERT INTO `permissionrole` VALUES (2, 6);
INSERT INTO `permissionrole` VALUES (2, 7);
INSERT INTO `permissionrole` VALUES (2, 8);
INSERT INTO `permissionrole` VALUES (2, 9);
INSERT INTO `permissionrole` VALUES (2, 10);
INSERT INTO `permissionrole` VALUES (2, 11);
INSERT INTO `permissionrole` VALUES (2, 12);
INSERT INTO `permissionrole` VALUES (2, 13);
INSERT INTO `permissionrole` VALUES (2, 14);
INSERT INTO `permissionrole` VALUES (2, 15);
INSERT INTO `permissionrole` VALUES (3, 5);
INSERT INTO `permissionrole` VALUES (3, 6);
INSERT INTO `permissionrole` VALUES (3, 9);
INSERT INTO `permissionrole` VALUES (3, 10);
INSERT INTO `permissionrole` VALUES (4, 16);
INSERT INTO `permissionrole` VALUES (5, 9);
INSERT INTO `permissionrole` VALUES (5, 10);
INSERT INTO `permissionrole` VALUES (6, 5);
INSERT INTO `permissionrole` VALUES (6, 8);
INSERT INTO `permissionrole` VALUES (6, 9);
INSERT INTO `permissionrole` VALUES (6, 10);

-- ----------------------------
-- Table structure for roles
-- ----------------------------
DROP TABLE IF EXISTS `roles`;
CREATE TABLE `roles`  (
  `id` int(11) NOT NULL AUTO_INCREMENT,
  `rolename` varchar(255) CHARACTER SET latin1 COLLATE latin1_swedish_ci NULL DEFAULT NULL,
  PRIMARY KEY (`id`) USING BTREE
) ENGINE = InnoDB AUTO_INCREMENT = 7 CHARACTER SET = latin1 COLLATE = latin1_swedish_ci ROW_FORMAT = Dynamic;

-- ----------------------------
-- Records of roles
-- ----------------------------
INSERT INTO `roles` VALUES (1, 'SU');
INSERT INTO `roles` VALUES (2, 'Admin');
INSERT INTO `roles` VALUES (3, 'Pemilik');
INSERT INTO `roles` VALUES (4, 'Pembeli');
INSERT INTO `roles` VALUES (5, 'Gudang');
INSERT INTO `roles` VALUES (6, 'Produksi');

-- ----------------------------
-- Table structure for tklasifikasi
-- ----------------------------
DROP TABLE IF EXISTS `tklasifikasi`;
CREATE TABLE `tklasifikasi`  (
  `id` int(11) NOT NULL AUTO_INCREMENT,
  `NamaKlasifikasi` varchar(255) CHARACTER SET latin1 COLLATE latin1_swedish_ci NOT NULL,
  PRIMARY KEY (`id`) USING BTREE
) ENGINE = InnoDB AUTO_INCREMENT = 4 CHARACTER SET = latin1 COLLATE = latin1_swedish_ci ROW_FORMAT = Dynamic;

-- ----------------------------
-- Records of tklasifikasi
-- ----------------------------
INSERT INTO `tklasifikasi` VALUES (3, 'Surat Nikah');

-- ----------------------------
-- Table structure for userrole
-- ----------------------------
DROP TABLE IF EXISTS `userrole`;
CREATE TABLE `userrole`  (
  `userid` int(11) NOT NULL,
  `roleid` int(11) NULL DEFAULT NULL,
  PRIMARY KEY (`userid`) USING BTREE
) ENGINE = InnoDB CHARACTER SET = latin1 COLLATE = latin1_swedish_ci ROW_FORMAT = Dynamic;

-- ----------------------------
-- Records of userrole
-- ----------------------------
INSERT INTO `userrole` VALUES (14, 1);
INSERT INTO `userrole` VALUES (74, 4);

-- ----------------------------
-- Table structure for users
-- ----------------------------
DROP TABLE IF EXISTS `users`;
CREATE TABLE `users`  (
  `id` int(11) NOT NULL AUTO_INCREMENT,
  `username` varchar(75) CHARACTER SET latin1 COLLATE latin1_swedish_ci NULL DEFAULT NULL,
  `nama` varchar(75) CHARACTER SET latin1 COLLATE latin1_swedish_ci NULL DEFAULT NULL,
  `password` varchar(255) CHARACTER SET latin1 COLLATE latin1_swedish_ci NULL DEFAULT NULL,
  `createdby` varchar(255) CHARACTER SET latin1 COLLATE latin1_swedish_ci NULL DEFAULT NULL,
  `createdon` datetime(0) NULL DEFAULT NULL,
  `HakAkses` int(255) NULL DEFAULT NULL COMMENT '1: admin,2: guru, 3 : murid',
  `token` varchar(255) CHARACTER SET latin1 COLLATE latin1_swedish_ci NULL DEFAULT NULL,
  `verified` bit(1) NULL DEFAULT NULL,
  `ip` varchar(255) CHARACTER SET latin1 COLLATE latin1_swedish_ci NULL DEFAULT NULL,
  `browser` varchar(255) CHARACTER SET latin1 COLLATE latin1_swedish_ci NULL DEFAULT NULL,
  `email` varchar(255) CHARACTER SET latin1 COLLATE latin1_swedish_ci NULL DEFAULT NULL,
  `phone` varchar(255) CHARACTER SET latin1 COLLATE latin1_swedish_ci NULL DEFAULT NULL,
  PRIMARY KEY (`id`) USING BTREE
) ENGINE = InnoDB AUTO_INCREMENT = 75 CHARACTER SET = latin1 COLLATE = latin1_swedish_ci ROW_FORMAT = Dynamic;

-- ----------------------------
-- Records of users
-- ----------------------------
INSERT INTO `users` VALUES (14, 'admin', 'admin', '440308e0a299d722ebc5a9459a56d27adffc7ad28688d4471fdc1c7a8324f9a5cabdcd25bae8fe71b65837f6dd33fd1a9187ff4e2b2fea10e88289b70fdb79a221Nz7VN+sVNcNv1J/4lhqE9nfn5cpZTw8zhp2ge4pY0=', 'mnl', NULL, 1, NULL, NULL, NULL, NULL, NULL, NULL);
INSERT INTO `users` VALUES (43, 'operator', 'Operator', 'a9bdd47d7321d4089b3b00561c9c621848bd6f6e2f745a53d54913d613789c23945b66de6ded1eb336a7d526f9349a9d964d6f6c3a40e2ac90b4b16c0121f7895Xg53McbkyQ/NmW60Sf4cu3wJsi/8cyZXxeXV7g6b04=', NULL, NULL, NULL, NULL, NULL, NULL, NULL, NULL, NULL);
INSERT INTO `users` VALUES (71, '1001', 'Prasetyo Aji Wibowo', 'c637abd9352a25c922463f7acc7b3a5f9328eba06ed17e6572a23b8cbdabb0a3c131c304d92c3b144077d08b83bea24e8523995d9e0a8d3c059c89d3526ea8f8HAx07QI6q7vgVWvh8bgR0FD4/Nox8aBN/4DFMRh9I9E=', 'admin', '2020-07-03 02:53:26', 2, NULL, NULL, NULL, NULL, NULL, NULL);
INSERT INTO `users` VALUES (72, '1002', 'Bambang sukiryo', '2fab8327944504c22d9b8c85bc1d2be04ef81e4cb5eaea3ab1cbac561c05442e242fd7df31b5fcf49813aeb94f99a36302de884140b3b15415864a89e0f72a260D9/S7S/r5aU0t6xDZREZyZoTGQwVUccfVKmWIDL6tU=', 'admin', '2020-07-03 02:54:47', 2, NULL, NULL, NULL, NULL, NULL, NULL);
INSERT INTO `users` VALUES (73, '200001', 'Ridho', '427713375014f3d4686a334f911c8506642bf46124642043eefbd969653e316f9cf05c28fa41663a3aa5981ff00ba80df9665b8d0358e5e2877f7c42470591feQDe7uWIfqSvmee0oAtRUwMHbPxpFETOXeMNK2ww1v0o=', 'admin', '2020-07-03 03:12:46', 3, NULL, NULL, NULL, NULL, NULL, NULL);
INSERT INTO `users` VALUES (74, 'CL0002', 'Beras Merbabu', '737a35c9b148f22801975b67a7fef6e6bc1a02575492d357715b0d7659a3d86e3d7f4770984649ca6bf07c1e5b52de383fc4cdae9374843d1e8b5bb9c9def443yXi5OOJBDEpVZdcWF0530YM+YZ0AX8Tz0yWRDWEXOLo=', 'admin', '2020-07-15 02:57:12', 4, NULL, NULL, NULL, NULL, NULL, NULL);

SET FOREIGN_KEY_CHECKS = 1;
